entity_id,entity_name,entity_type,agency,state,road_class,metric,value,unit,original_value,original_unit,period_start,period_end,period_basis,estimate_type,statement_basis,data_as_of,published_at,source_id,citation_url,table_page,evidence_class,analytical_eligible,source_document_sha256,notes,entity,year,metric_name,metric_value,metric_category,source_type,asset_id,project_name,nh_number,project_stage,scheduled_completion_date,likely_completion_date,actual_completion_date,comparison_group,asset_owner_id,implementing_agency_id,operator_id,concessionaire_id,financing_entity_id,contractor_name
state_andhra_pradesh,Andhra Pradesh,state_aggregate,State PWDs,Andhra Pradesh,State Highway,sh_network_length_km,13500.0,km,13500.0,km,,2019-03-31,stock,actual,BRS_Annexure_2_3_2,2019-03-31,,morth_state_highway_network,https://morth.gov.in/backend/documents/uploaded/1781850176_EDsilQvsKL.pdf,PDF p164; Annexure 2.3.2 (duplicate spread p165 excluded),official_measured,True,3288df12fb15571bfcdbcd388befe36e2cf7fdc07bf794024906e242fda73a9a,Report headline 31 March 2022; state observation follows footnote #. Published SH total193740km differs from state sum193741km. Arunachal duplicated AP value13500km retained but quarantined pending correction; surface components contain rounding/internal discrepancies.,Andhra Pradesh,2019,sh_network_length_km,13500.0,official_measured,official,,,,,,,,BRS_Annexure_2_3_2|State Highway,,,,,,
state_andhra_pradesh,Andhra Pradesh,state_aggregate,State PWDs,Andhra Pradesh,State Highway,sh_surfaced_length_km,13500.0,km,13500.0,km,,2019-03-31,stock,actual,BRS_Annexure_2_3_2,2019-03-31,,morth_state_highway_network,https://morth.gov.in/backend/documents/uploaded/1781850176_EDsilQvsKL.pdf,PDF p164; Annexure 2.3.2 (duplicate spread p165 excluded),official_measured,True,3288df12fb15571bfcdbcd388befe36e2cf7fdc07bf794024906e242fda73a9a,Report headline 31 March 2022; state observation follows footnote #. Published SH total193740km differs from state sum193741km. Arunachal duplicated AP value13500km retained but quarantined pending correction; surface components contain rounding/internal discrepancies.,Andhra Pradesh,2019,sh_surfaced_length_km,13500.0,official_measured,official,,,,,,,,BRS_Annexure_2_3_2|State Highway,,,,,,
state_arunachal_pradesh,Arunachal Pradesh,state_aggregate,State PWDs,Arunachal Pradesh,State Highway,sh_network_length_km,13500.0,km,13500.0,km,,2018-03-31,stock,actual,BRS_Annexure_2_3_2,2018-03-31,,morth_state_highway_network,https://morth.gov.in/backend/documents/uploaded/1781850176_EDsilQvsKL.pdf,PDF p164; Annexure 2.3.2 (duplicate spread p165 excluded),official_measured,False,3288df12fb15571bfcdbcd388befe36e2cf7fdc07bf794024906e242fda73a9a,Report headline 31 March 2022; state observation follows footnote *. Published SH total193740km differs from state sum193741km. Arunachal duplicated AP value13500km retained but quarantined pending correction; surface components contain rounding/internal discrepancies.,Arunachal Pradesh,2018,sh_network_length_km,13500.0,official_measured,official,,,,,,,,BRS_Annexure_2_3_2|State Highway,,,,,,
state_arunachal_pradesh,Arunachal Pradesh,state_aggregate,State PWDs,Arunachal Pradesh,State Highway,sh_surfaced_length_km,13500.0,km,13500.0,km,,2018-03-31,stock,actual,BRS_Annexure_2_3_2,2018-03-31,,morth_state_highway_network,https://morth.gov.in/backend/documents/uploaded/1781850176_EDsilQvsKL.pdf,PDF p164; Annexure 2.3.2 (duplicate spread p165 excluded),official_measured,False,3288df12fb15571bfcdbcd388befe36e2cf7fdc07bf794024906e242fda73a9a,Report headline 31 March 2022; state observation follows footnote *. Published SH total193740km differs from state sum193741km. Arunachal duplicated AP value13500km retained but quarantined pending correction; surface components contain rounding/internal discrepancies.,Arunachal Pradesh,2018,sh_surfaced_length_km,13500.0,official_measured,official,,,,,,,,BRS_Annexure_2_3_2|State Highway,,,,,,
state_assam,Assam,state_aggregate,State PWDs,Assam,State Highway,sh_network_length_km,2540.0,km,2540.0,km,,2022-03-31,stock,actual,BRS_Annexure_2_3_2,2022-03-31,,morth_state_highway_network,https://morth.gov.in/backend/documents/uploaded/1781850176_EDsilQvsKL.pdf,PDF p164; Annexure 2.3.2 (duplicate spread p165 excluded),official_measured,True,3288df12fb15571bfcdbcd388befe36e2cf7fdc07bf794024906e242fda73a9a,Report headline 31 March 2022; state observation follows footnote none. Published SH total193740km differs from state sum193741km. Arunachal duplicated AP value13500km retained but quarantined pending correction; surface components contain rounding/internal discrepancies.,Assam,2022,sh_network_length_km,2540.0,official_measured,official,,,,,,,,BRS_Annexure_2_3_2|State Highway,,,,,,
state_assam,Assam,state_aggregate,State PWDs,Assam,State Highway,sh_surfaced_length_km,2452.0,km,2452.0,km,,2022-03-31,stock,actual,BRS_Annexure_2_3_2,2022-03-31,,morth_state_highway_network,https://morth.gov.in/backend/documents/uploaded/1781850176_EDsilQvsKL.pdf,PDF p164; Annexure 2.3.2 (duplicate spread p165 excluded),official_measured,True,3288df12fb15571bfcdbcd388befe36e2cf7fdc07bf794024906e242fda73a9a,Report headline 31 March 2022; state observation follows footnote none. Published SH total193740km differs from state sum193741km. Arunachal duplicated AP value13500km retained but quarantined pending correction; surface components contain rounding/internal discrepancies.,Assam,2022,sh_surfaced_length_km,2452.0,official_measured,official,,,,,,,,BRS_Annexure_2_3_2|State Highway,,,,,,
state_bihar,Bihar,state_aggregate,State PWDs,Bihar,State Highway,sh_network_length_km,3714.0,km,3714.0,km,,2022-03-31,stock,actual,BRS_Annexure_2_3_2,2022-03-31,,morth_state_highway_network,https://morth.gov.in/backend/documents/uploaded/1781850176_EDsilQvsKL.pdf,PDF p164; Annexure 2.3.2 (duplicate spread p165 excluded),official_measured,True,3288df12fb15571bfcdbcd388befe36e2cf7fdc07bf794024906e242fda73a9a,Report headline 31 March 2022; state observation follows footnote none. Published SH total193740km differs from state sum193741km. Arunachal duplicated AP value13500km retained but quarantined pending correction; surface components contain rounding/internal discrepancies.,Bihar,2022,sh_network_length_km,3714.0,official_measured,official,,,,,,,,BRS_Annexure_2_3_2|State Highway,,,,,,
state_bihar,Bihar,state_aggregate,State PWDs,Bihar,State Highway,sh_surfaced_length_km,3714.0,km,3714.0,km,,2022-03-31,stock,actual,BRS_Annexure_2_3_2,2022-03-31,,morth_state_highway_network,https://morth.gov.in/backend/documents/uploaded/1781850176_EDsilQvsKL.pdf,PDF p164; Annexure 2.3.2 (duplicate spread p165 excluded),official_measured,True,3288df12fb15571bfcdbcd388befe36e2cf7fdc07bf794024906e242fda73a9a,Report headline 31 March 2022; state observation follows footnote none. Published SH total193740km differs from state sum193741km. Arunachal duplicated AP value13500km retained but quarantined pending correction; surface components contain rounding/internal discrepancies.,Bihar,2022,sh_surfaced_length_km,3714.0,official_measured,official,,,,,,,,BRS_Annexure_2_3_2|State Highway,,,,,,
state_chhattisgarh,Chhattisgarh,state_aggregate,State PWDs,Chhattisgarh,State Highway,sh_network_length_km,4137.0,km,4137.0,km,,2022-03-31,stock,actual,BRS_Annexure_2_3_2,2022-03-31,,morth_state_highway_network,https://morth.gov.in/backend/documents/uploaded/1781850176_EDsilQvsKL.pdf,PDF p164; Annexure 2.3.2 (duplicate spread p165 excluded),official_measured,True,3288df12fb15571bfcdbcd388befe36e2cf7fdc07bf794024906e242fda73a9a,Report headline 31 March 2022; state observation follows footnote none. Published SH total193740km differs from state sum193741km. Arunachal duplicated AP value13500km retained but quarantined pending correction; surface components contain rounding/internal discrepancies.,Chhattisgarh,2022,sh_network_length_km,4137.0,official_measured,official,,,,,,,,BRS_Annexure_2_3_2|State Highway,,,,,,
state_chhattisgarh,Chhattisgarh,state_aggregate,State PWDs,Chhattisgarh,State Highway,sh_surfaced_length_km,4088.0,km,4088.0,km,,2022-03-31,stock,actual,BRS_Annexure_2_3_2,2022-03-31,,morth_state_highway_network,https://morth.gov.in/backend/documents/uploaded/1781850176_EDsilQvsKL.pdf,PDF p164; Annexure 2.3.2 (duplicate spread p165 excluded),official_measured,True,3288df12fb15571bfcdbcd388befe36e2cf7fdc07bf794024906e242fda73a9a,Report headline 31 March 2022; state observation follows footnote none. Published SH total193740km differs from state sum193741km. Arunachal duplicated AP value13500km retained but quarantined pending correction; surface components contain rounding/internal discrepancies.,Chhattisgarh,2022,sh_surfaced_length_km,4088.0,official_measured,official,,,,,,,,BRS_Annexure_2_3_2|State Highway,,,,,,
state_goa,Goa,state_aggregate,State PWDs,Goa,State Highway,sh_network_length_km,279.0,km,279.0,km,,2021-03-31,stock,actual,BRS_Annexure_2_3_2,2021-03-31,,morth_state_highway_network,https://morth.gov.in/backend/documents/uploaded/1781850176_EDsilQvsKL.pdf,PDF p164; Annexure 2.3.2 (duplicate spread p165 excluded),official_measured,True,3288df12fb15571bfcdbcd388befe36e2cf7fdc07bf794024906e242fda73a9a,Report headline 31 March 2022; state observation follows footnote **. Published SH total193740km differs from state sum193741km. Arunachal duplicated AP value13500km retained but quarantined pending correction; surface components contain rounding/internal discrepancies.,Goa,2021,sh_network_length_km,279.0,official_measured,official,,,,,,,,BRS_Annexure_2_3_2|State Highway,,,,,,
state_goa,Goa,state_aggregate,State PWDs,Goa,State Highway,sh_surfaced_length_km,279.0,km,279.0,km,,2021-03-31,stock,actual,BRS_Annexure_2_3_2,2021-03-31,,morth_state_highway_network,https://morth.gov.in/backend/documents/uploaded/1781850176_EDsilQvsKL.pdf,PDF p164; Annexure 2.3.2 (duplicate spread p165 excluded),official_measured,True,3288df12fb15571bfcdbcd388befe36e2cf7fdc07bf794024906e242fda73a9a,Report headline 31 March 2022; state observation follows footnote **. Published SH total193740km differs from state sum193741km. Arunachal duplicated AP value13500km retained but quarantined pending correction; surface components contain rounding/internal discrepancies.,Goa,2021,sh_surfaced_length_km,279.0,official_measured,official,,,,,,,,BRS_Annexure_2_3_2|State Highway,,,,,,
state_gujarat,Gujarat,state_aggregate,State PWDs,Gujarat,State Highway,sh_network_length_km,16292.0,km,16292.0,km,,2022-03-31,stock,actual,BRS_Annexure_2_3_2,2022-03-31,,morth_state_highway_network,https://morth.gov.in/backend/documents/uploaded/1781850176_EDsilQvsKL.pdf,PDF p164; Annexure 2.3.2 (duplicate spread p165 excluded),official_measured,True,3288df12fb15571bfcdbcd388befe36e2cf7fdc07bf794024906e242fda73a9a,Report headline 31 March 2022; state observation follows footnote none. Published SH total193740km differs from state sum193741km. Arunachal duplicated AP value13500km retained but quarantined pending correction; surface components contain rounding/internal discrepancies.,Gujarat,2022,sh_network_length_km,16292.0,official_measured,official,,,,,,,,BRS_Annexure_2_3_2|State Highway,,,,,,
state_gujarat,Gujarat,state_aggregate,State PWDs,Gujarat,State Highway,sh_surfaced_length_km,16225.0,km,16225.0,km,,2022-03-31,stock,actual,BRS_Annexure_2_3_2,2022-03-31,,morth_state_highway_network,https://morth.gov.in/backend/documents/uploaded/1781850176_EDsilQvsKL.pdf,PDF p164; Annexure 2.3.2 (duplicate spread p165 excluded),official_measured,True,3288df12fb15571bfcdbcd388befe36e2cf7fdc07bf794024906e242fda73a9a,Report headline 31 March 2022; state observation follows footnote none. Published SH total193740km differs from state sum193741km. Arunachal duplicated AP value13500km retained but quarantined pending correction; surface components contain rounding/internal discrepancies.,Gujarat,2022,sh_surfaced_length_km,16225.0,official_measured,official,,,,,,,,BRS_Annexure_2_3_2|State Highway,,,,,,
state_haryana,Haryana,state_aggregate,State PWDs,Haryana,State Highway,sh_network_length_km,1676.0,km,1676.0,km,,2022-03-31,stock,actual,BRS_Annexure_2_3_2,2022-03-31,,morth_state_highway_network,https://morth.gov.in/backend/documents/uploaded/1781850176_EDsilQvsKL.pdf,PDF p164; Annexure 2.3.2 (duplicate spread p165 excluded),official_measured,True,3288df12fb15571bfcdbcd388befe36e2cf7fdc07bf794024906e242fda73a9a,Report headline 31 March 2022; state observation follows footnote none. Published SH total193740km differs from state sum193741km. Arunachal duplicated AP value13500km retained but quarantined pending correction; surface components contain rounding/internal discrepancies.,Haryana,2022,sh_network_length_km,1676.0,official_measured,official,,,,,,,,BRS_Annexure_2_3_2|State Highway,,,,,,
state_haryana,Haryana,state_aggregate,State PWDs,Haryana,State Highway,sh_surfaced_length_km,1676.0,km,1676.0,km,,2022-03-31,stock,actual,BRS_Annexure_2_3_2,2022-03-31,,morth_state_highway_network,https://morth.gov.in/backend/documents/uploaded/1781850176_EDsilQvsKL.pdf,PDF p164; Annexure 2.3.2 (duplicate spread p165 excluded),official_measured,True,3288df12fb15571bfcdbcd388befe36e2cf7fdc07bf794024906e242fda73a9a,Report headline 31 March 2022; state observation follows footnote none. Published SH total193740km differs from state sum193741km. Arunachal duplicated AP value13500km retained but quarantined pending correction; surface components contain rounding/internal discrepancies.,Haryana,2022,sh_surfaced_length_km,1676.0,official_measured,official,,,,,,,,BRS_Annexure_2_3_2|State Highway,,,,,,
state_himachal_pradesh,Himachal Pradesh,state_aggregate,State PWDs,Himachal Pradesh,State Highway,sh_network_length_km,5.0,km,5.0,km,,2021-03-31,stock,actual,BRS_Annexure_2_3_2,2021-03-31,,morth_state_highway_network,https://morth.gov.in/backend/documents/uploaded/1781850176_EDsilQvsKL.pdf,PDF p164; Annexure 2.3.2 (duplicate spread p165 excluded),official_measured,True,3288df12fb15571bfcdbcd388befe36e2cf7fdc07bf794024906e242fda73a9a,Report headline 31 March 2022; state observation follows footnote **. Published SH total193740km differs from state sum193741km. Arunachal duplicated AP value13500km retained but quarantined pending correction; surface components contain rounding/internal discrepancies.,Himachal Pradesh,2021,sh_network_length_km,5.0,official_measured,official,,,,,,,,BRS_Annexure_2_3_2|State Highway,,,,,,
state_himachal_pradesh,Himachal Pradesh,state_aggregate,State PWDs,Himachal Pradesh,State Highway,sh_surfaced_length_km,5.0,km,5.0,km,,2021-03-31,stock,actual,BRS_Annexure_2_3_2,2021-03-31,,morth_state_highway_network,https://morth.gov.in/backend/documents/uploaded/1781850176_EDsilQvsKL.pdf,PDF p164; Annexure 2.3.2 (duplicate spread p165 excluded),official_measured,True,3288df12fb15571bfcdbcd388befe36e2cf7fdc07bf794024906e242fda73a9a,Report headline 31 March 2022; state observation follows footnote **. Published SH total193740km differs from state sum193741km. Arunachal duplicated AP value13500km retained but quarantined pending correction; surface components contain rounding/internal discrepancies.,Himachal Pradesh,2021,sh_surfaced_length_km,5.0,official_measured,official,,,,,,,,BRS_Annexure_2_3_2|State Highway,,,,,,
state_jharkhand,Jharkhand,state_aggregate,State PWDs,Jharkhand,State Highway,sh_network_length_km,1232.0,km,1232.0,km,,2022-03-31,stock,actual,BRS_Annexure_2_3_2,2022-03-31,,morth_state_highway_network,https://morth.gov.in/backend/documents/uploaded/1781850176_EDsilQvsKL.pdf,PDF p164; Annexure 2.3.2 (duplicate spread p165 excluded),official_measured,True,3288df12fb15571bfcdbcd388befe36e2cf7fdc07bf794024906e242fda73a9a,Report headline 31 March 2022; state observation follows footnote none. Published SH total193740km differs from state sum193741km. Arunachal duplicated AP value13500km retained but quarantined pending correction; surface components contain rounding/internal discrepancies.,Jharkhand,2022,sh_network_length_km,1232.0,official_measured,official,,,,,,,,BRS_Annexure_2_3_2|State Highway,,,,,,
state_jharkhand,Jharkhand,state_aggregate,State PWDs,Jharkhand,State Highway,sh_surfaced_length_km,1232.0,km,1232.0,km,,2022-03-31,stock,actual,BRS_Annexure_2_3_2,2022-03-31,,morth_state_highway_network,https://morth.gov.in/backend/documents/uploaded/1781850176_EDsilQvsKL.pdf,PDF p164; Annexure 2.3.2 (duplicate spread p165 excluded),official_measured,True,3288df12fb15571bfcdbcd388befe36e2cf7fdc07bf794024906e242fda73a9a,Report headline 31 March 2022; state observation follows footnote none. Published SH total193740km differs from state sum193741km. Arunachal duplicated AP value13500km retained but quarantined pending correction; surface components contain rounding/internal discrepancies.,Jharkhand,2022,sh_surfaced_length_km,1232.0,official_measured,official,,,,,,,,BRS_Annexure_2_3_2|State Highway,,,,,,
state_karnataka,Karnataka,state_aggregate,State PWDs,Karnataka,State Highway,sh_network_length_km,27881.0,km,27881.0,km,,2022-03-31,stock,actual,BRS_Annexure_2_3_2,2022-03-31,,morth_state_highway_network,https://morth.gov.in/backend/documents/uploaded/1781850176_EDsilQvsKL.pdf,PDF p164; Annexure 2.3.2 (duplicate spread p165 excluded),official_measured,True,3288df12fb15571bfcdbcd388befe36e2cf7fdc07bf794024906e242fda73a9a,Report headline 31 March 2022; state observation follows footnote none. Published SH total193740km differs from state sum193741km. Arunachal duplicated AP value13500km retained but quarantined pending correction; surface components contain rounding/internal discrepancies.,Karnataka,2022,sh_network_length_km,27881.0,official_measured,official,,,,,,,,BRS_Annexure_2_3_2|State Highway,,,,,,
state_karnataka,Karnataka,state_aggregate,State PWDs,Karnataka,State Highway,sh_surfaced_length_km,27842.0,km,27842.0,km,,2022-03-31,stock,actual,BRS_Annexure_2_3_2,2022-03-31,,morth_state_highway_network,https://morth.gov.in/backend/documents/uploaded/1781850176_EDsilQvsKL.pdf,PDF p164; Annexure 2.3.2 (duplicate spread p165 excluded),official_measured,True,3288df12fb15571bfcdbcd388befe36e2cf7fdc07bf794024906e242fda73a9a,Report headline 31 March 2022; state observation follows footnote none. Published SH total193740km differs from state sum193741km. Arunachal duplicated AP value13500km retained but quarantined pending correction; surface components contain rounding/internal discrepancies.,Karnataka,2022,sh_surfaced_length_km,27842.0,official_measured,official,,,,,,,,BRS_Annexure_2_3_2|State Highway,,,,,,
state_kerala,Kerala,state_aggregate,State PWDs,Kerala,State Highway,sh_network_length_km,4128.0,km,4128.0,km,,2022-03-31,stock,actual,BRS_Annexure_2_3_2,2022-03-31,,morth_state_highway_network,https://morth.gov.in/backend/documents/uploaded/1781850176_EDsilQvsKL.pdf,PDF p164; Annexure 2.3.2 (duplicate spread p165 excluded),official_measured,True,3288df12fb15571bfcdbcd388befe36e2cf7fdc07bf794024906e242fda73a9a,Report headline 31 March 2022; state observation follows footnote none. Published SH total193740km differs from state sum193741km. Arunachal duplicated AP value13500km retained but quarantined pending correction; surface components contain rounding/internal discrepancies.,Kerala,2022,sh_network_length_km,4128.0,official_measured,official,,,,,,,,BRS_Annexure_2_3_2|State Highway,,,,,,
state_kerala,Kerala,state_aggregate,State PWDs,Kerala,State Highway,sh_surfaced_length_km,4128.0,km,4128.0,km,,2022-03-31,stock,actual,BRS_Annexure_2_3_2,2022-03-31,,morth_state_highway_network,https://morth.gov.in/backend/documents/uploaded/1781850176_EDsilQvsKL.pdf,PDF p164; Annexure 2.3.2 (duplicate spread p165 excluded),official_measured,True,3288df12fb15571bfcdbcd388befe36e2cf7fdc07bf794024906e242fda73a9a,Report headline 31 March 2022; state observation follows footnote none. Published SH total193740km differs from state sum193741km. Arunachal duplicated AP value13500km retained but quarantined pending correction; surface components contain rounding/internal discrepancies.,Kerala,2022,sh_surfaced_length_km,4128.0,official_measured,official,,,,,,,,BRS_Annexure_2_3_2|State Highway,,,,,,
state_madhya_pradesh,Madhya Pradesh,state_aggregate,State PWDs,Madhya Pradesh,State Highway,sh_network_length_km,11389.0,km,11389.0,km,,2022-03-31,stock,actual,BRS_Annexure_2_3_2,2022-03-31,,morth_state_highway_network,https://morth.gov.in/backend/documents/uploaded/1781850176_EDsilQvsKL.pdf,PDF p164; Annexure 2.3.2 (duplicate spread p165 excluded),official_measured,True,3288df12fb15571bfcdbcd388befe36e2cf7fdc07bf794024906e242fda73a9a,Report headline 31 March 2022; state observation follows footnote none. Published SH total193740km differs from state sum193741km. Arunachal duplicated AP value13500km retained but quarantined pending correction; surface components contain rounding/internal discrepancies.,Madhya Pradesh,2022,sh_network_length_km,11389.0,official_measured,official,,,,,,,,BRS_Annexure_2_3_2|State Highway,,,,,,
state_madhya_pradesh,Madhya Pradesh,state_aggregate,State PWDs,Madhya Pradesh,State Highway,sh_surfaced_length_km,11389.0,km,11389.0,km,,2022-03-31,stock,actual,BRS_Annexure_2_3_2,2022-03-31,,morth_state_highway_network,https://morth.gov.in/backend/documents/uploaded/1781850176_EDsilQvsKL.pdf,PDF p164; Annexure 2.3.2 (duplicate spread p165 excluded),official_measured,True,3288df12fb15571bfcdbcd388befe36e2cf7fdc07bf794024906e242fda73a9a,Report headline 31 March 2022; state observation follows footnote none. Published SH total193740km differs from state sum193741km. Arunachal duplicated AP value13500km retained but quarantined pending correction; surface components contain rounding/internal discrepancies.,Madhya Pradesh,2022,sh_surfaced_length_km,11389.0,official_measured,official,,,,,,,,BRS_Annexure_2_3_2|State Highway,,,,,,
state_maharashtra,Maharashtra,state_aggregate,State PWDs,Maharashtra,State Highway,sh_network_length_km,32486.0,km,32486.0,km,,2021-03-31,stock,actual,BRS_Annexure_2_3_2,2021-03-31,,morth_state_highway_network,https://morth.gov.in/backend/documents/uploaded/1781850176_EDsilQvsKL.pdf,PDF p164; Annexure 2.3.2 (duplicate spread p165 excluded),official_measured,True,3288df12fb15571bfcdbcd388befe36e2cf7fdc07bf794024906e242fda73a9a,Report headline 31 March 2022; state observation follows footnote **. Published SH total193740km differs from state sum193741km. Arunachal duplicated AP value13500km retained but quarantined pending correction; surface components contain rounding/internal discrepancies.,Maharashtra,2021,sh_network_length_km,32486.0,official_measured,official,,,,,,,,BRS_Annexure_2_3_2|State Highway,,,,,,
state_maharashtra,Maharashtra,state_aggregate,State PWDs,Maharashtra,State Highway,sh_surfaced_length_km,31854.0,km,31854.0,km,,2021-03-31,stock,actual,BRS_Annexure_2_3_2,2021-03-31,,morth_state_highway_network,https://morth.gov.in/backend/documents/uploaded/1781850176_EDsilQvsKL.pdf,PDF p164; Annexure 2.3.2 (duplicate spread p165 excluded),official_measured,True,3288df12fb15571bfcdbcd388befe36e2cf7fdc07bf794024906e242fda73a9a,Report headline 31 March 2022; state observation follows footnote **. Published SH total193740km differs from state sum193741km. Arunachal duplicated AP value13500km retained but quarantined pending correction; surface components contain rounding/internal discrepancies.,Maharashtra,2021,sh_surfaced_length_km,31854.0,official_measured,official,,,,,,,,BRS_Annexure_2_3_2|State Highway,,,,,,
state_manipur,Manipur,state_aggregate,State PWDs,Manipur,State Highway,sh_network_length_km,781.0,km,781.0,km,,2019-03-31,stock,actual,BRS_Annexure_2_3_2,2019-03-31,,morth_state_highway_network,https://morth.gov.in/backend/documents/uploaded/1781850176_EDsilQvsKL.pdf,PDF p164; Annexure 2.3.2 (duplicate spread p165 excluded),official_measured,True,3288df12fb15571bfcdbcd388befe36e2cf7fdc07bf794024906e242fda73a9a,Report headline 31 March 2022; state observation follows footnote #. Published SH total193740km differs from state sum193741km. Arunachal duplicated AP value13500km retained but quarantined pending correction; surface components contain rounding/internal discrepancies.,Manipur,2019,sh_network_length_km,781.0,official_measured,official,,,,,,,,BRS_Annexure_2_3_2|State Highway,,,,,,
state_manipur,Manipur,state_aggregate,State PWDs,Manipur,State Highway,sh_surfaced_length_km,661.0,km,661.0,km,,2019-03-31,stock,actual,BRS_Annexure_2_3_2,2019-03-31,,morth_state_highway_network,https://morth.gov.in/backend/documents/uploaded/1781850176_EDsilQvsKL.pdf,PDF p164; Annexure 2.3.2 (duplicate spread p165 excluded),official_measured,True,3288df12fb15571bfcdbcd388befe36e2cf7fdc07bf794024906e242fda73a9a,Report headline 31 March 2022; state observation follows footnote #. Published SH total193740km differs from state sum193741km. Arunachal duplicated AP value13500km retained but quarantined pending correction; surface components contain rounding/internal discrepancies.,Manipur,2019,sh_surfaced_length_km,661.0,official_measured,official,,,,,,,,BRS_Annexure_2_3_2|State Highway,,,,,,
state_meghalaya,Meghalaya,state_aggregate,State PWDs,Meghalaya,State Highway,sh_network_length_km,809.0,km,809.0,km,,2020-03-31,stock,actual,BRS_Annexure_2_3_2,2020-03-31,,morth_state_highway_network,https://morth.gov.in/backend/documents/uploaded/1781850176_EDsilQvsKL.pdf,PDF p164; Annexure 2.3.2 (duplicate spread p165 excluded),official_measured,True,3288df12fb15571bfcdbcd388befe36e2cf7fdc07bf794024906e242fda73a9a,Report headline 31 March 2022; state observation follows footnote @. Published SH total193740km differs from state sum193741km. Arunachal duplicated AP value13500km retained but quarantined pending correction; surface components contain rounding/internal discrepancies.,Meghalaya,2020,sh_network_length_km,809.0,official_measured,official,,,,,,,,BRS_Annexure_2_3_2|State Highway,,,,,,
state_meghalaya,Meghalaya,state_aggregate,State PWDs,Meghalaya,State Highway,sh_surfaced_length_km,809.0,km,809.0,km,,2020-03-31,stock,actual,BRS_Annexure_2_3_2,2020-03-31,,morth_state_highway_network,https://morth.gov.in/backend/documents/uploaded/1781850176_EDsilQvsKL.pdf,PDF p164; Annexure 2.3.2 (duplicate spread p165 excluded),official_measured,True,3288df12fb15571bfcdbcd388befe36e2cf7fdc07bf794024906e242fda73a9a,Report headline 31 March 2022; state observation follows footnote @. Published SH total193740km differs from state sum193741km. Arunachal duplicated AP value13500km retained but quarantined pending correction; surface components contain rounding/internal discrepancies.,Meghalaya,2020,sh_surfaced_length_km,809.0,official_measured,official,,,,,,,,BRS_Annexure_2_3_2|State Highway,,,,,,
state_mizoram,Mizoram,state_aggregate,State PWDs,Mizoram,State Highway,sh_network_length_km,262.0,km,262.0,km,,2022-03-31,stock,actual,BRS_Annexure_2_3_2,2022-03-31,,morth_state_highway_network,https://morth.gov.in/backend/documents/uploaded/1781850176_EDsilQvsKL.pdf,PDF p164; Annexure 2.3.2 (duplicate spread p165 excluded),official_measured,True,3288df12fb15571bfcdbcd388befe36e2cf7fdc07bf794024906e242fda73a9a,Report headline 31 March 2022; state observation follows footnote none. Published SH total193740km differs from state sum193741km. Arunachal duplicated AP value13500km retained but quarantined pending correction; surface components contain rounding/internal discrepancies.,Mizoram,2022,sh_network_length_km,262.0,official_measured,official,,,,,,,,BRS_Annexure_2_3_2|State Highway,,,,,,
state_mizoram,Mizoram,state_aggregate,State PWDs,Mizoram,State Highway,sh_surfaced_length_km,262.0,km,262.0,km,,2022-03-31,stock,actual,BRS_Annexure_2_3_2,2022-03-31,,morth_state_highway_network,https://morth.gov.in/backend/documents/uploaded/1781850176_EDsilQvsKL.pdf,PDF p164; Annexure 2.3.2 (duplicate spread p165 excluded),official_measured,True,3288df12fb15571bfcdbcd388befe36e2cf7fdc07bf794024906e242fda73a9a,Report headline 31 March 2022; state observation follows footnote none. Published SH total193740km differs from state sum193741km. Arunachal duplicated AP value13500km retained but quarantined pending correction; surface components contain rounding/internal discrepancies.,Mizoram,2022,sh_surfaced_length_km,262.0,official_measured,official,,,,,,,,BRS_Annexure_2_3_2|State Highway,,,,,,
state_nagaland,Nagaland,state_aggregate,State PWDs,Nagaland,State Highway,sh_network_length_km,650.0,km,650.0,km,,2021-03-31,stock,actual,BRS_Annexure_2_3_2,2021-03-31,,morth_state_highway_network,https://morth.gov.in/backend/documents/uploaded/1781850176_EDsilQvsKL.pdf,PDF p164; Annexure 2.3.2 (duplicate spread p165 excluded),official_measured,True,3288df12fb15571bfcdbcd388befe36e2cf7fdc07bf794024906e242fda73a9a,Report headline 31 March 2022; state observation follows footnote **. Published SH total193740km differs from state sum193741km. Arunachal duplicated AP value13500km retained but quarantined pending correction; surface components contain rounding/internal discrepancies.,Nagaland,2021,sh_network_length_km,650.0,official_measured,official,,,,,,,,BRS_Annexure_2_3_2|State Highway,,,,,,
state_nagaland,Nagaland,state_aggregate,State PWDs,Nagaland,State Highway,sh_surfaced_length_km,650.0,km,650.0,km,,2021-03-31,stock,actual,BRS_Annexure_2_3_2,2021-03-31,,morth_state_highway_network,https://morth.gov.in/backend/documents/uploaded/1781850176_EDsilQvsKL.pdf,PDF p164; Annexure 2.3.2 (duplicate spread p165 excluded),official_measured,True,3288df12fb15571bfcdbcd388befe36e2cf7fdc07bf794024906e242fda73a9a,Report headline 31 March 2022; state observation follows footnote **. Published SH total193740km differs from state sum193741km. Arunachal duplicated AP value13500km retained but quarantined pending correction; surface components contain rounding/internal discrepancies.,Nagaland,2021,sh_surfaced_length_km,650.0,official_measured,official,,,,,,,,BRS_Annexure_2_3_2|State Highway,,,,,,
state_odisha,Odisha,state_aggregate,State PWDs,Odisha,State Highway,sh_network_length_km,4211.0,km,4211.0,km,,2021-03-31,stock,actual,BRS_Annexure_2_3_2,2021-03-31,,morth_state_highway_network,https://morth.gov.in/backend/documents/uploaded/1781850176_EDsilQvsKL.pdf,PDF p164; Annexure 2.3.2 (duplicate spread p165 excluded),official_measured,True,3288df12fb15571bfcdbcd388befe36e2cf7fdc07bf794024906e242fda73a9a,Report headline 31 March 2022; state observation follows footnote **. Published SH total193740km differs from state sum193741km. Arunachal duplicated AP value13500km retained but quarantined pending correction; surface components contain rounding/internal discrepancies.,Odisha,2021,sh_network_length_km,4211.0,official_measured,official,,,,,,,,BRS_Annexure_2_3_2|State Highway,,,,,,
state_odisha,Odisha,state_aggregate,State PWDs,Odisha,State Highway,sh_surfaced_length_km,4211.0,km,4211.0,km,,2021-03-31,stock,actual,BRS_Annexure_2_3_2,2021-03-31,,morth_state_highway_network,https://morth.gov.in/backend/documents/uploaded/1781850176_EDsilQvsKL.pdf,PDF p164; Annexure 2.3.2 (duplicate spread p165 excluded),official_measured,True,3288df12fb15571bfcdbcd388befe36e2cf7fdc07bf794024906e242fda73a9a,Report headline 31 March 2022; state observation follows footnote **. Published SH total193740km differs from state sum193741km. Arunachal duplicated AP value13500km retained but quarantined pending correction; surface components contain rounding/internal discrepancies.,Odisha,2021,sh_surfaced_length_km,4211.0,official_measured,official,,,,,,,,BRS_Annexure_2_3_2|State Highway,,,,,,
state_punjab,Punjab,state_aggregate,State PWDs,Punjab,State Highway,sh_network_length_km,861.0,km,861.0,km,,2022-03-31,stock,actual,BRS_Annexure_2_3_2,2022-03-31,,morth_state_highway_network,https://morth.gov.in/backend/documents/uploaded/1781850176_EDsilQvsKL.pdf,PDF p164; Annexure 2.3.2 (duplicate spread p165 excluded),official_measured,True,3288df12fb15571bfcdbcd388befe36e2cf7fdc07bf794024906e242fda73a9a,Report headline 31 March 2022; state observation follows footnote none. Published SH total193740km differs from state sum193741km. Arunachal duplicated AP value13500km retained but quarantined pending correction; surface components contain rounding/internal discrepancies.,Punjab,2022,sh_network_length_km,861.0,official_measured,official,,,,,,,,BRS_Annexure_2_3_2|State Highway,,,,,,
state_punjab,Punjab,state_aggregate,State PWDs,Punjab,State Highway,sh_surfaced_length_km,861.0,km,861.0,km,,2022-03-31,stock,actual,BRS_Annexure_2_3_2,2022-03-31,,morth_state_highway_network,https://morth.gov.in/backend/documents/uploaded/1781850176_EDsilQvsKL.pdf,PDF p164; Annexure 2.3.2 (duplicate spread p165 excluded),official_measured,True,3288df12fb15571bfcdbcd388befe36e2cf7fdc07bf794024906e242fda73a9a,Report headline 31 March 2022; state observation follows footnote none. Published SH total193740km differs from state sum193741km. Arunachal duplicated AP value13500km retained but quarantined pending correction; surface components contain rounding/internal discrepancies.,Punjab,2022,sh_surfaced_length_km,861.0,official_measured,official,,,,,,,,BRS_Annexure_2_3_2|State Highway,,,,,,
state_rajasthan,Rajasthan,state_aggregate,State PWDs,Rajasthan,State Highway,sh_network_length_km,16942.0,km,16942.0,km,,2022-03-31,stock,actual,BRS_Annexure_2_3_2,2022-03-31,,morth_state_highway_network,https://morth.gov.in/backend/documents/uploaded/1781850176_EDsilQvsKL.pdf,PDF p164; Annexure 2.3.2 (duplicate spread p165 excluded),official_measured,True,3288df12fb15571bfcdbcd388befe36e2cf7fdc07bf794024906e242fda73a9a,Report headline 31 March 2022; state observation follows footnote none. Published SH total193740km differs from state sum193741km. Arunachal duplicated AP value13500km retained but quarantined pending correction; surface components contain rounding/internal discrepancies.,Rajasthan,2022,sh_network_length_km,16942.0,official_measured,official,,,,,,,,BRS_Annexure_2_3_2|State Highway,,,,,,
state_rajasthan,Rajasthan,state_aggregate,State PWDs,Rajasthan,State Highway,sh_surfaced_length_km,16889.0,km,16889.0,km,,2022-03-31,stock,actual,BRS_Annexure_2_3_2,2022-03-31,,morth_state_highway_network,https://morth.gov.in/backend/documents/uploaded/1781850176_EDsilQvsKL.pdf,PDF p164; Annexure 2.3.2 (duplicate spread p165 excluded),official_measured,True,3288df12fb15571bfcdbcd388befe36e2cf7fdc07bf794024906e242fda73a9a,Report headline 31 March 2022; state observation follows footnote none. Published SH total193740km differs from state sum193741km. Arunachal duplicated AP value13500km retained but quarantined pending correction; surface components contain rounding/internal discrepancies.,Rajasthan,2022,sh_surfaced_length_km,16889.0,official_measured,official,,,,,,,,BRS_Annexure_2_3_2|State Highway,,,,,,
state_sikkim,Sikkim,state_aggregate,State PWDs,Sikkim,State Highway,sh_network_length_km,669.0,km,669.0,km,,2022-03-31,stock,actual,BRS_Annexure_2_3_2,2022-03-31,,morth_state_highway_network,https://morth.gov.in/backend/documents/uploaded/1781850176_EDsilQvsKL.pdf,PDF p164; Annexure 2.3.2 (duplicate spread p165 excluded),official_measured,True,3288df12fb15571bfcdbcd388befe36e2cf7fdc07bf794024906e242fda73a9a,Report headline 31 March 2022; state observation follows footnote none. Published SH total193740km differs from state sum193741km. Arunachal duplicated AP value13500km retained but quarantined pending correction; surface components contain rounding/internal discrepancies.,Sikkim,2022,sh_network_length_km,669.0,official_measured,official,,,,,,,,BRS_Annexure_2_3_2|State Highway,,,,,,
state_sikkim,Sikkim,state_aggregate,State PWDs,Sikkim,State Highway,sh_surfaced_length_km,669.0,km,669.0,km,,2022-03-31,stock,actual,BRS_Annexure_2_3_2,2022-03-31,,morth_state_highway_network,https://morth.gov.in/backend/documents/uploaded/1781850176_EDsilQvsKL.pdf,PDF p164; Annexure 2.3.2 (duplicate spread p165 excluded),official_measured,True,3288df12fb15571bfcdbcd388befe36e2cf7fdc07bf794024906e242fda73a9a,Report headline 31 March 2022; state observation follows footnote none. Published SH total193740km differs from state sum193741km. Arunachal duplicated AP value13500km retained but quarantined pending correction; surface components contain rounding/internal discrepancies.,Sikkim,2022,sh_surfaced_length_km,669.0,official_measured,official,,,,,,,,BRS_Annexure_2_3_2|State Highway,,,,,,
state_tamil_nadu,Tamil Nadu,state_aggregate,State PWDs,Tamil Nadu,State Highway,sh_network_length_km,11279.0,km,11279.0,km,,2022-03-31,stock,actual,BRS_Annexure_2_3_2,2022-03-31,,morth_state_highway_network,https://morth.gov.in/backend/documents/uploaded/1781850176_EDsilQvsKL.pdf,PDF p164; Annexure 2.3.2 (duplicate spread p165 excluded),official_measured,True,3288df12fb15571bfcdbcd388befe36e2cf7fdc07bf794024906e242fda73a9a,Report headline 31 March 2022; state observation follows footnote none. Published SH total193740km differs from state sum193741km. Arunachal duplicated AP value13500km retained but quarantined pending correction; surface components contain rounding/internal discrepancies.,Tamil Nadu,2022,sh_network_length_km,11279.0,official_measured,official,,,,,,,,BRS_Annexure_2_3_2|State Highway,,,,,,
state_tamil_nadu,Tamil Nadu,state_aggregate,State PWDs,Tamil Nadu,State Highway,sh_surfaced_length_km,11279.0,km,11279.0,km,,2022-03-31,stock,actual,BRS_Annexure_2_3_2,2022-03-31,,morth_state_highway_network,https://morth.gov.in/backend/documents/uploaded/1781850176_EDsilQvsKL.pdf,PDF p164; Annexure 2.3.2 (duplicate spread p165 excluded),official_measured,True,3288df12fb15571bfcdbcd388befe36e2cf7fdc07bf794024906e242fda73a9a,Report headline 31 March 2022; state observation follows footnote none. Published SH total193740km differs from state sum193741km. Arunachal duplicated AP value13500km retained but quarantined pending correction; surface components contain rounding/internal discrepancies.,Tamil Nadu,2022,sh_surfaced_length_km,11279.0,official_measured,official,,,,,,,,BRS_Annexure_2_3_2|State Highway,,,,,,
state_telangana,Telangana,state_aggregate,State PWDs,Telangana,State Highway,sh_network_length_km,2087.0,km,2087.0,km,,2020-03-31,stock,actual,BRS_Annexure_2_3_2,2020-03-31,,morth_state_highway_network,https://morth.gov.in/backend/documents/uploaded/1781850176_EDsilQvsKL.pdf,PDF p164; Annexure 2.3.2 (duplicate spread p165 excluded),official_measured,True,3288df12fb15571bfcdbcd388befe36e2cf7fdc07bf794024906e242fda73a9a,Report headline 31 March 2022; state observation follows footnote @. Published SH total193740km differs from state sum193741km. Arunachal duplicated AP value13500km retained but quarantined pending correction; surface components contain rounding/internal discrepancies.,Telangana,2020,sh_network_length_km,2087.0,official_measured,official,,,,,,,,BRS_Annexure_2_3_2|State Highway,,,,,,
state_telangana,Telangana,state_aggregate,State PWDs,Telangana,State Highway,sh_surfaced_length_km,2085.0,km,2085.0,km,,2020-03-31,stock,actual,BRS_Annexure_2_3_2,2020-03-31,,morth_state_highway_network,https://morth.gov.in/backend/documents/uploaded/1781850176_EDsilQvsKL.pdf,PDF p164; Annexure 2.3.2 (duplicate spread p165 excluded),official_measured,True,3288df12fb15571bfcdbcd388befe36e2cf7fdc07bf794024906e242fda73a9a,Report headline 31 March 2022; state observation follows footnote @. Published SH total193740km differs from state sum193741km. Arunachal duplicated AP value13500km retained but quarantined pending correction; surface components contain rounding/internal discrepancies.,Telangana,2020,sh_surfaced_length_km,2085.0,official_measured,official,,,,,,,,BRS_Annexure_2_3_2|State Highway,,,,,,
state_tripura,Tripura,state_aggregate,State PWDs,Tripura,State Highway,sh_network_length_km,1057.0,km,1057.0,km,,2022-03-31,stock,actual,BRS_Annexure_2_3_2,2022-03-31,,morth_state_highway_network,https://morth.gov.in/backend/documents/uploaded/1781850176_EDsilQvsKL.pdf,PDF p164; Annexure 2.3.2 (duplicate spread p165 excluded),official_measured,True,3288df12fb15571bfcdbcd388befe36e2cf7fdc07bf794024906e242fda73a9a,Report headline 31 March 2022; state observation follows footnote none. Published SH total193740km differs from state sum193741km. Arunachal duplicated AP value13500km retained but quarantined pending correction; surface components contain rounding/internal discrepancies.,Tripura,2022,sh_network_length_km,1057.0,official_measured,official,,,,,,,,BRS_Annexure_2_3_2|State Highway,,,,,,
state_tripura,Tripura,state_aggregate,State PWDs,Tripura,State Highway,sh_surfaced_length_km,1057.0,km,1057.0,km,,2022-03-31,stock,actual,BRS_Annexure_2_3_2,2022-03-31,,morth_state_highway_network,https://morth.gov.in/backend/documents/uploaded/1781850176_EDsilQvsKL.pdf,PDF p164; Annexure 2.3.2 (duplicate spread p165 excluded),official_measured,True,3288df12fb15571bfcdbcd388befe36e2cf7fdc07bf794024906e242fda73a9a,Report headline 31 March 2022; state observation follows footnote none. Published SH total193740km differs from state sum193741km. Arunachal duplicated AP value13500km retained but quarantined pending correction; surface components contain rounding/internal discrepancies.,Tripura,2022,sh_surfaced_length_km,1057.0,official_measured,official,,,,,,,,BRS_Annexure_2_3_2|State Highway,,,,,,
state_uttarakhand,Uttarakhand,state_aggregate,State PWDs,Uttarakhand,State Highway,sh_network_length_km,5772.0,km,5772.0,km,,2022-03-31,stock,actual,BRS_Annexure_2_3_2,2022-03-31,,morth_state_highway_network,https://morth.gov.in/backend/documents/uploaded/1781850176_EDsilQvsKL.pdf,PDF p164; Annexure 2.3.2 (duplicate spread p165 excluded),official_measured,True,3288df12fb15571bfcdbcd388befe36e2cf7fdc07bf794024906e242fda73a9a,Report headline 31 March 2022; state observation follows footnote none. Published SH total193740km differs from state sum193741km. Arunachal duplicated AP value13500km retained but quarantined pending correction; surface components contain rounding/internal discrepancies.,Uttarakhand,2022,sh_network_length_km,5772.0,official_measured,official,,,,,,,,BRS_Annexure_2_3_2|State Highway,,,,,,
state_uttarakhand,Uttarakhand,state_aggregate,State PWDs,Uttarakhand,State Highway,sh_surfaced_length_km,5704.0,km,5704.0,km,,2022-03-31,stock,actual,BRS_Annexure_2_3_2,2022-03-31,,morth_state_highway_network,https://morth.gov.in/backend/documents/uploaded/1781850176_EDsilQvsKL.pdf,PDF p164; Annexure 2.3.2 (duplicate spread p165 excluded),official_measured,True,3288df12fb15571bfcdbcd388befe36e2cf7fdc07bf794024906e242fda73a9a,Report headline 31 March 2022; state observation follows footnote none. Published SH total193740km differs from state sum193741km. Arunachal duplicated AP value13500km retained but quarantined pending correction; surface components contain rounding/internal discrepancies.,Uttarakhand,2022,sh_surfaced_length_km,5704.0,official_measured,official,,,,,,,,BRS_Annexure_2_3_2|State Highway,,,,,,
state_uttar_pradesh,Uttar Pradesh,state_aggregate,State PWDs,Uttar Pradesh,State Highway,sh_network_length_km,10901.0,km,10901.0,km,,2022-03-31,stock,actual,BRS_Annexure_2_3_2,2022-03-31,,morth_state_highway_network,https://morth.gov.in/backend/documents/uploaded/1781850176_EDsilQvsKL.pdf,PDF p164; Annexure 2.3.2 (duplicate spread p165 excluded),official_measured,True,3288df12fb15571bfcdbcd388befe36e2cf7fdc07bf794024906e242fda73a9a,Report headline 31 March 2022; state observation follows footnote none. Published SH total193740km differs from state sum193741km. Arunachal duplicated AP value13500km retained but quarantined pending correction; surface components contain rounding/internal discrepancies.,Uttar Pradesh,2022,sh_network_length_km,10901.0,official_measured,official,,,,,,,,BRS_Annexure_2_3_2|State Highway,,,,,,
state_uttar_pradesh,Uttar Pradesh,state_aggregate,State PWDs,Uttar Pradesh,State Highway,sh_surfaced_length_km,10901.0,km,10901.0,km,,2022-03-31,stock,actual,BRS_Annexure_2_3_2,2022-03-31,,morth_state_highway_network,https://morth.gov.in/backend/documents/uploaded/1781850176_EDsilQvsKL.pdf,PDF p164; Annexure 2.3.2 (duplicate spread p165 excluded),official_measured,True,3288df12fb15571bfcdbcd388befe36e2cf7fdc07bf794024906e242fda73a9a,Report headline 31 March 2022; state observation follows footnote none. Published SH total193740km differs from state sum193741km. Arunachal duplicated AP value13500km retained but quarantined pending correction; surface components contain rounding/internal discrepancies.,Uttar Pradesh,2022,sh_surfaced_length_km,10901.0,official_measured,official,,,,,,,,BRS_Annexure_2_3_2|State Highway,,,,,,
state_west_bengal,West Bengal,state_aggregate,State PWDs,West Bengal,State Highway,sh_network_length_km,3714.0,km,3714.0,km,,2022-03-31,stock,actual,BRS_Annexure_2_3_2,2022-03-31,,morth_state_highway_network,https://morth.gov.in/backend/documents/uploaded/1781850176_EDsilQvsKL.pdf,PDF p164; Annexure 2.3.2 (duplicate spread p165 excluded),official_measured,True,3288df12fb15571bfcdbcd388befe36e2cf7fdc07bf794024906e242fda73a9a,Report headline 31 March 2022; state observation follows footnote none. Published SH total193740km differs from state sum193741km. Arunachal duplicated AP value13500km retained but quarantined pending correction; surface components contain rounding/internal discrepancies.,West Bengal,2022,sh_network_length_km,3714.0,official_measured,official,,,,,,,,BRS_Annexure_2_3_2|State Highway,,,,,,
state_west_bengal,West Bengal,state_aggregate,State PWDs,West Bengal,State Highway,sh_surfaced_length_km,3714.0,km,3714.0,km,,2022-03-31,stock,actual,BRS_Annexure_2_3_2,2022-03-31,,morth_state_highway_network,https://morth.gov.in/backend/documents/uploaded/1781850176_EDsilQvsKL.pdf,PDF p164; Annexure 2.3.2 (duplicate spread p165 excluded),official_measured,True,3288df12fb15571bfcdbcd388befe36e2cf7fdc07bf794024906e242fda73a9a,Report headline 31 March 2022; state observation follows footnote none. Published SH total193740km differs from state sum193741km. Arunachal duplicated AP value13500km retained but quarantined pending correction; surface components contain rounding/internal discrepancies.,West Bengal,2022,sh_surfaced_length_km,3714.0,official_measured,official,,,,,,,,BRS_Annexure_2_3_2|State Highway,,,,,,
state_andaman_nicobar_island,Andaman & Nicobar Island,state_aggregate,State PWDs,Andaman & Nicobar Island,State Highway,sh_network_length_km,260.0,km,260.0,km,,2022-03-31,stock,actual,BRS_Annexure_2_3_2,2022-03-31,,morth_state_highway_network,https://morth.gov.in/backend/documents/uploaded/1781850176_EDsilQvsKL.pdf,PDF p164; Annexure 2.3.2 (duplicate spread p165 excluded),official_measured,True,3288df12fb15571bfcdbcd388befe36e2cf7fdc07bf794024906e242fda73a9a,Report headline 31 March 2022; state observation follows footnote none. Published SH total193740km differs from state sum193741km. Arunachal duplicated AP value13500km retained but quarantined pending correction; surface components contain rounding/internal discrepancies.,Andaman & Nicobar Island,2022,sh_network_length_km,260.0,official_measured,official,,,,,,,,BRS_Annexure_2_3_2|State Highway,,,,,,
state_andaman_nicobar_island,Andaman & Nicobar Island,state_aggregate,State PWDs,Andaman & Nicobar Island,State Highway,sh_surfaced_length_km,260.0,km,260.0,km,,2022-03-31,stock,actual,BRS_Annexure_2_3_2,2022-03-31,,morth_state_highway_network,https://morth.gov.in/backend/documents/uploaded/1781850176_EDsilQvsKL.pdf,PDF p164; Annexure 2.3.2 (duplicate spread p165 excluded),official_measured,True,3288df12fb15571bfcdbcd388befe36e2cf7fdc07bf794024906e242fda73a9a,Report headline 31 March 2022; state observation follows footnote none. Published SH total193740km differs from state sum193741km. Arunachal duplicated AP value13500km retained but quarantined pending correction; surface components contain rounding/internal discrepancies.,Andaman & Nicobar Island,2022,sh_surfaced_length_km,260.0,official_measured,official,,,,,,,,BRS_Annexure_2_3_2|State Highway,,,,,,
state_chandigarh,Chandigarh,state_aggregate,State PWDs,Chandigarh,State Highway,sh_network_length_km,328.0,km,328.0,km,,2022-03-31,stock,actual,BRS_Annexure_2_3_2,2022-03-31,,morth_state_highway_network,https://morth.gov.in/backend/documents/uploaded/1781850176_EDsilQvsKL.pdf,PDF p164; Annexure 2.3.2 (duplicate spread p165 excluded),official_measured,True,3288df12fb15571bfcdbcd388befe36e2cf7fdc07bf794024906e242fda73a9a,Report headline 31 March 2022; state observation follows footnote none. Published SH total193740km differs from state sum193741km. Arunachal duplicated AP value13500km retained but quarantined pending correction; surface components contain rounding/internal discrepancies.,Chandigarh,2022,sh_network_length_km,328.0,official_measured,official,,,,,,,,BRS_Annexure_2_3_2|State Highway,,,,,,
state_chandigarh,Chandigarh,state_aggregate,State PWDs,Chandigarh,State Highway,sh_surfaced_length_km,328.0,km,328.0,km,,2022-03-31,stock,actual,BRS_Annexure_2_3_2,2022-03-31,,morth_state_highway_network,https://morth.gov.in/backend/documents/uploaded/1781850176_EDsilQvsKL.pdf,PDF p164; Annexure 2.3.2 (duplicate spread p165 excluded),official_measured,True,3288df12fb15571bfcdbcd388befe36e2cf7fdc07bf794024906e242fda73a9a,Report headline 31 March 2022; state observation follows footnote none. Published SH total193740km differs from state sum193741km. Arunachal duplicated AP value13500km retained but quarantined pending correction; surface components contain rounding/internal discrepancies.,Chandigarh,2022,sh_surfaced_length_km,328.0,official_measured,official,,,,,,,,BRS_Annexure_2_3_2|State Highway,,,,,,
state_dadra_nagar_haveli,Dadra & Nagar Haveli,state_aggregate,State PWDs,Dadra & Nagar Haveli,State Highway,sh_network_length_km,30.0,km,30.0,km,,2019-03-31,stock,actual,BRS_Annexure_2_3_2,2019-03-31,,morth_state_highway_network,https://morth.gov.in/backend/documents/uploaded/1781850176_EDsilQvsKL.pdf,PDF p164; Annexure 2.3.2 (duplicate spread p165 excluded),official_measured,True,3288df12fb15571bfcdbcd388befe36e2cf7fdc07bf794024906e242fda73a9a,Report headline 31 March 2022; state observation follows footnote #. Published SH total193740km differs from state sum193741km. Arunachal duplicated AP value13500km retained but quarantined pending correction; surface components contain rounding/internal discrepancies.,Dadra & Nagar Haveli,2019,sh_network_length_km,30.0,official_measured,official,,,,,,,,BRS_Annexure_2_3_2|State Highway,,,,,,
state_dadra_nagar_haveli,Dadra & Nagar Haveli,state_aggregate,State PWDs,Dadra & Nagar Haveli,State Highway,sh_surfaced_length_km,30.0,km,30.0,km,,2019-03-31,stock,actual,BRS_Annexure_2_3_2,2019-03-31,,morth_state_highway_network,https://morth.gov.in/backend/documents/uploaded/1781850176_EDsilQvsKL.pdf,PDF p164; Annexure 2.3.2 (duplicate spread p165 excluded),official_measured,True,3288df12fb15571bfcdbcd388befe36e2cf7fdc07bf794024906e242fda73a9a,Report headline 31 March 2022; state observation follows footnote #. Published SH total193740km differs from state sum193741km. Arunachal duplicated AP value13500km retained but quarantined pending correction; surface components contain rounding/internal discrepancies.,Dadra & Nagar Haveli,2019,sh_surfaced_length_km,30.0,official_measured,official,,,,,,,,BRS_Annexure_2_3_2|State Highway,,,,,,
state_daman_diu,Daman & Diu,state_aggregate,State PWDs,Daman & Diu,State Highway,sh_network_length_km,22.0,km,22.0,km,,2018-03-31,stock,actual,BRS_Annexure_2_3_2,2018-03-31,,morth_state_highway_network,https://morth.gov.in/backend/documents/uploaded/1781850176_EDsilQvsKL.pdf,PDF p164; Annexure 2.3.2 (duplicate spread p165 excluded),official_measured,True,3288df12fb15571bfcdbcd388befe36e2cf7fdc07bf794024906e242fda73a9a,Report headline 31 March 2022; state observation follows footnote *. Published SH total193740km differs from state sum193741km. Arunachal duplicated AP value13500km retained but quarantined pending correction; surface components contain rounding/internal discrepancies.,Daman & Diu,2018,sh_network_length_km,22.0,official_measured,official,,,,,,,,BRS_Annexure_2_3_2|State Highway,,,,,,
state_daman_diu,Daman & Diu,state_aggregate,State PWDs,Daman & Diu,State Highway,sh_surfaced_length_km,22.0,km,22.0,km,,2018-03-31,stock,actual,BRS_Annexure_2_3_2,2018-03-31,,morth_state_highway_network,https://morth.gov.in/backend/documents/uploaded/1781850176_EDsilQvsKL.pdf,PDF p164; Annexure 2.3.2 (duplicate spread p165 excluded),official_measured,True,3288df12fb15571bfcdbcd388befe36e2cf7fdc07bf794024906e242fda73a9a,Report headline 31 March 2022; state observation follows footnote *. Published SH total193740km differs from state sum193741km. Arunachal duplicated AP value13500km retained but quarantined pending correction; surface components contain rounding/internal discrepancies.,Daman & Diu,2018,sh_surfaced_length_km,22.0,official_measured,official,,,,,,,,BRS_Annexure_2_3_2|State Highway,,,,,,
state_delhi,Delhi,state_aggregate,State PWDs,Delhi,State Highway,sh_network_length_km,34.0,km,34.0,km,,2022-03-31,stock,actual,BRS_Annexure_2_3_2,2022-03-31,,morth_state_highway_network,https://morth.gov.in/backend/documents/uploaded/1781850176_EDsilQvsKL.pdf,PDF p164; Annexure 2.3.2 (duplicate spread p165 excluded),official_measured,True,3288df12fb15571bfcdbcd388befe36e2cf7fdc07bf794024906e242fda73a9a,Report headline 31 March 2022; state observation follows footnote none. Published SH total193740km differs from state sum193741km. Arunachal duplicated AP value13500km retained but quarantined pending correction; surface components contain rounding/internal discrepancies.,Delhi,2022,sh_network_length_km,34.0,official_measured,official,,,,,,,,BRS_Annexure_2_3_2|State Highway,,,,,,
state_delhi,Delhi,state_aggregate,State PWDs,Delhi,State Highway,sh_surfaced_length_km,34.0,km,34.0,km,,2022-03-31,stock,actual,BRS_Annexure_2_3_2,2022-03-31,,morth_state_highway_network,https://morth.gov.in/backend/documents/uploaded/1781850176_EDsilQvsKL.pdf,PDF p164; Annexure 2.3.2 (duplicate spread p165 excluded),official_measured,True,3288df12fb15571bfcdbcd388befe36e2cf7fdc07bf794024906e242fda73a9a,Report headline 31 March 2022; state observation follows footnote none. Published SH total193740km differs from state sum193741km. Arunachal duplicated AP value13500km retained but quarantined pending correction; surface components contain rounding/internal discrepancies.,Delhi,2022,sh_surfaced_length_km,34.0,official_measured,official,,,,,,,,BRS_Annexure_2_3_2|State Highway,,,,,,
state_jammu_kashmir,Jammu & Kashmir,state_aggregate,State PWDs,Jammu & Kashmir,State Highway,sh_network_length_km,311.0,km,311.0,km,,2022-03-31,stock,actual,BRS_Annexure_2_3_2,2022-03-31,,morth_state_highway_network,https://morth.gov.in/backend/documents/uploaded/1781850176_EDsilQvsKL.pdf,PDF p164; Annexure 2.3.2 (duplicate spread p165 excluded),official_measured,True,3288df12fb15571bfcdbcd388befe36e2cf7fdc07bf794024906e242fda73a9a,Report headline 31 March 2022; state observation follows footnote none. Published SH total193740km differs from state sum193741km. Arunachal duplicated AP value13500km retained but quarantined pending correction; surface components contain rounding/internal discrepancies.,Jammu & Kashmir,2022,sh_network_length_km,311.0,official_measured,official,,,,,,,,BRS_Annexure_2_3_2|State Highway,,,,,,
state_jammu_kashmir,Jammu & Kashmir,state_aggregate,State PWDs,Jammu & Kashmir,State Highway,sh_surfaced_length_km,311.0,km,311.0,km,,2022-03-31,stock,actual,BRS_Annexure_2_3_2,2022-03-31,,morth_state_highway_network,https://morth.gov.in/backend/documents/uploaded/1781850176_EDsilQvsKL.pdf,PDF p164; Annexure 2.3.2 (duplicate spread p165 excluded),official_measured,True,3288df12fb15571bfcdbcd388befe36e2cf7fdc07bf794024906e242fda73a9a,Report headline 31 March 2022; state observation follows footnote none. Published SH total193740km differs from state sum193741km. Arunachal duplicated AP value13500km retained but quarantined pending correction; surface components contain rounding/internal discrepancies.,Jammu & Kashmir,2022,sh_surfaced_length_km,311.0,official_measured,official,,,,,,,,BRS_Annexure_2_3_2|State Highway,,,,,,
state_ladakh,Ladakh,state_aggregate,State PWDs,Ladakh,State Highway,sh_network_length_km,0.0,km,0.0,km,,2022-03-31,stock,actual,BRS_Annexure_2_3_2,2022-03-31,,morth_state_highway_network,https://morth.gov.in/backend/documents/uploaded/1781850176_EDsilQvsKL.pdf,PDF p164; Annexure 2.3.2 (duplicate spread p165 excluded),official_measured,True,3288df12fb15571bfcdbcd388befe36e2cf7fdc07bf794024906e242fda73a9a,Report headline 31 March 2022; state observation follows footnote none. Published SH total193740km differs from state sum193741km. Arunachal duplicated AP value13500km retained but quarantined pending correction; surface components contain rounding/internal discrepancies.,Ladakh,2022,sh_network_length_km,0.0,official_measured,official,,,,,,,,BRS_Annexure_2_3_2|State Highway,,,,,,
state_ladakh,Ladakh,state_aggregate,State PWDs,Ladakh,State Highway,sh_surfaced_length_km,0.0,km,0.0,km,,2022-03-31,stock,actual,BRS_Annexure_2_3_2,2022-03-31,,morth_state_highway_network,https://morth.gov.in/backend/documents/uploaded/1781850176_EDsilQvsKL.pdf,PDF p164; Annexure 2.3.2 (duplicate spread p165 excluded),official_measured,True,3288df12fb15571bfcdbcd388befe36e2cf7fdc07bf794024906e242fda73a9a,Report headline 31 March 2022; state observation follows footnote none. Published SH total193740km differs from state sum193741km. Arunachal duplicated AP value13500km retained but quarantined pending correction; surface components contain rounding/internal discrepancies.,Ladakh,2022,sh_surfaced_length_km,0.0,official_measured,official,,,,,,,,BRS_Annexure_2_3_2|State Highway,,,,,,
state_lakshadweep,Lakshadweep,state_aggregate,State PWDs,Lakshadweep,State Highway,sh_network_length_km,0.0,km,0.0,km,,2022-03-31,stock,actual,BRS_Annexure_2_3_2,2022-03-31,,morth_state_highway_network,https://morth.gov.in/backend/documents/uploaded/1781850176_EDsilQvsKL.pdf,PDF p164; Annexure 2.3.2 (duplicate spread p165 excluded),official_measured,True,3288df12fb15571bfcdbcd388befe36e2cf7fdc07bf794024906e242fda73a9a,Report headline 31 March 2022; state observation follows footnote none. Published SH total193740km differs from state sum193741km. Arunachal duplicated AP value13500km retained but quarantined pending correction; surface components contain rounding/internal discrepancies.,Lakshadweep,2022,sh_network_length_km,0.0,official_measured,official,,,,,,,,BRS_Annexure_2_3_2|State Highway,,,,,,
state_lakshadweep,Lakshadweep,state_aggregate,State PWDs,Lakshadweep,State Highway,sh_surfaced_length_km,0.0,km,0.0,km,,2022-03-31,stock,actual,BRS_Annexure_2_3_2,2022-03-31,,morth_state_highway_network,https://morth.gov.in/backend/documents/uploaded/1781850176_EDsilQvsKL.pdf,PDF p164; Annexure 2.3.2 (duplicate spread p165 excluded),official_measured,True,3288df12fb15571bfcdbcd388befe36e2cf7fdc07bf794024906e242fda73a9a,Report headline 31 March 2022; state observation follows footnote none. Published SH total193740km differs from state sum193741km. Arunachal duplicated AP value13500km retained but quarantined pending correction; surface components contain rounding/internal discrepancies.,Lakshadweep,2022,sh_surfaced_length_km,0.0,official_measured,official,,,,,,,,BRS_Annexure_2_3_2|State Highway,,,,,,
state_puducherry,Puducherry,state_aggregate,State PWDs,Puducherry,State Highway,sh_network_length_km,0.0,km,0.0,km,,2022-03-31,stock,actual,BRS_Annexure_2_3_2,2022-03-31,,morth_state_highway_network,https://morth.gov.in/backend/documents/uploaded/1781850176_EDsilQvsKL.pdf,PDF p164; Annexure 2.3.2 (duplicate spread p165 excluded),official_measured,True,3288df12fb15571bfcdbcd388befe36e2cf7fdc07bf794024906e242fda73a9a,Report headline 31 March 2022; state observation follows footnote none. Published SH total193740km differs from state sum193741km. Arunachal duplicated AP value13500km retained but quarantined pending correction; surface components contain rounding/internal discrepancies.,Puducherry,2022,sh_network_length_km,0.0,official_measured,official,,,,,,,,BRS_Annexure_2_3_2|State Highway,,,,,,
state_puducherry,Puducherry,state_aggregate,State PWDs,Puducherry,State Highway,sh_surfaced_length_km,0.0,km,0.0,km,,2022-03-31,stock,actual,BRS_Annexure_2_3_2,2022-03-31,,morth_state_highway_network,https://morth.gov.in/backend/documents/uploaded/1781850176_EDsilQvsKL.pdf,PDF p164; Annexure 2.3.2 (duplicate spread p165 excluded),official_measured,True,3288df12fb15571bfcdbcd388befe36e2cf7fdc07bf794024906e242fda73a9a,Report headline 31 March 2022; state observation follows footnote none. Published SH total193740km differs from state sum193741km. Arunachal duplicated AP value13500km retained but quarantined pending correction; surface components contain rounding/internal discrepancies.,Puducherry,2022,sh_surfaced_length_km,0.0,official_measured,official,,,,,,,,BRS_Annexure_2_3_2|State Highway,,,,,,
brs_published_total,BRS published SH total,published_total,State PWDs,All India,State Highway,sh_network_length_km,193740.0,km,193740.0,km,,2022-03-31,stock,actual,BRS_Annexure_2_3_2,2022-03-31,,morth_state_highway_network,https://morth.gov.in/backend/documents/uploaded/1781850176_EDsilQvsKL.pdf,PDF p164; Annexure 2.3.2 published Total,official_measured,False,3288df12fb15571bfcdbcd388befe36e2cf7fdc07bf794024906e242fda73a9a,Published total193740km; state rows sum193741km; aggregate quarantined and not reconciled artificially.,BRS published SH total,2022,sh_network_length_km,193740.0,official_measured,official,,,,,,,,BRS_Annexure_2_3_2|State Highway,,,,,,
