entity_id,entity_name,entity_type,agency,state,road_class,metric,value,unit,original_value,original_unit,period_start,period_end,period_basis,estimate_type,statement_basis,data_as_of,published_at,source_id,citation_url,table_page,evidence_class,analytical_eligible,source_document_sha256,notes,entity,year,metric_name,metric_value,metric_category,source_type,asset_id,project_name,nh_number,project_stage,scheduled_completion_date,likely_completion_date,actual_completion_date,comparison_group,asset_owner_id,implementing_agency_id,operator_id,concessionaire_id,financing_entity_id,contractor_name,disclosure_as_of,estimate_vintage,reported_period
nhit,NHIT,InvIT,NHIT,All India,National Highway,revenue_operations_inr_crore,1023.0,INR crore,1023.0,INR crore,2025-04-01,2025-06-30,fiscal_quarter,actual,consolidated,2025-06-30,2026-08-31,nhit_quarterly_operations_finance,https://nhit.co.in/pdf/investor-presentations/Investor%20Presentation%20June%202026.pdf,"PDF p12; printed slide 11, Financial Performance (Consolidated)",issuer_disclosure,True,da8176d700cfc2e88e991e2a71e0a78d92d3397a519a7f13b240808a55db65f1,"Q1FY27 includes Round 5 from 1 April 2026; issuer presentation values are rounded. Historical comparator cutoff remains its own quarter end, distinct from the June2026 disclosure context.",NHIT,2025,revenue_operations_inr_crore,1023.0,issuer_disclosed,issuer,,,,,,,,consolidated|National Highway,nhai,,,,nhit,,2026-06-30,,
nhit,NHIT,InvIT,NHIT,All India,National Highway,revenue_operations_inr_crore,1312.0,INR crore,1312.0,INR crore,2026-04-01,2026-06-30,fiscal_quarter,actual,consolidated,2026-06-30,2026-08-31,nhit_quarterly_operations_finance,https://nhit.co.in/pdf/investor-presentations/Investor%20Presentation%20June%202026.pdf,"PDF p12; printed slide 11, Financial Performance (Consolidated)",issuer_disclosure,True,da8176d700cfc2e88e991e2a71e0a78d92d3397a519a7f13b240808a55db65f1,"Q1FY27 includes Round 5 from 1 April 2026; issuer presentation values are rounded. Historical comparator cutoff remains its own quarter end, distinct from the June2026 disclosure context.",NHIT,2026,revenue_operations_inr_crore,1312.0,issuer_disclosed,issuer,,,,,,,,consolidated|National Highway,nhai,,,,nhit,,2026-06-30,,
nhit,NHIT,InvIT,NHIT,All India,National Highway,other_income_inr_crore,9.0,INR crore,9.0,INR crore,2025-04-01,2025-06-30,fiscal_quarter,actual,consolidated,2025-06-30,2026-08-31,nhit_quarterly_operations_finance,https://nhit.co.in/pdf/investor-presentations/Investor%20Presentation%20June%202026.pdf,"PDF p12; printed slide 11, Financial Performance (Consolidated)",issuer_disclosure,True,da8176d700cfc2e88e991e2a71e0a78d92d3397a519a7f13b240808a55db65f1,"Q1FY27 includes Round 5 from 1 April 2026; issuer presentation values are rounded. Historical comparator cutoff remains its own quarter end, distinct from the June2026 disclosure context.",NHIT,2025,other_income_inr_crore,9.0,issuer_disclosed,issuer,,,,,,,,consolidated|National Highway,nhai,,,,nhit,,2026-06-30,,
nhit,NHIT,InvIT,NHIT,All India,National Highway,other_income_inr_crore,11.0,INR crore,11.0,INR crore,2026-04-01,2026-06-30,fiscal_quarter,actual,consolidated,2026-06-30,2026-08-31,nhit_quarterly_operations_finance,https://nhit.co.in/pdf/investor-presentations/Investor%20Presentation%20June%202026.pdf,"PDF p12; printed slide 11, Financial Performance (Consolidated)",issuer_disclosure,True,da8176d700cfc2e88e991e2a71e0a78d92d3397a519a7f13b240808a55db65f1,"Q1FY27 includes Round 5 from 1 April 2026; issuer presentation values are rounded. Historical comparator cutoff remains its own quarter end, distinct from the June2026 disclosure context.",NHIT,2026,other_income_inr_crore,11.0,issuer_disclosed,issuer,,,,,,,,consolidated|National Highway,nhai,,,,nhit,,2026-06-30,,
nhit,NHIT,InvIT,NHIT,All India,National Highway,ebitda_inr_crore,843.0,INR crore,843.0,INR crore,2025-04-01,2025-06-30,fiscal_quarter,actual,consolidated,2025-06-30,2026-08-31,nhit_quarterly_operations_finance,https://nhit.co.in/pdf/investor-presentations/Investor%20Presentation%20June%202026.pdf,"PDF p12; printed slide 11, Financial Performance (Consolidated)",issuer_disclosure,True,da8176d700cfc2e88e991e2a71e0a78d92d3397a519a7f13b240808a55db65f1,"Q1FY27 includes Round 5 from 1 April 2026; issuer presentation values are rounded. Historical comparator cutoff remains its own quarter end, distinct from the June2026 disclosure context.",NHIT,2025,ebitda_inr_crore,843.0,issuer_disclosed,issuer,,,,,,,,consolidated|National Highway,nhai,,,,nhit,,2026-06-30,,
nhit,NHIT,InvIT,NHIT,All India,National Highway,ebitda_inr_crore,1048.0,INR crore,1048.0,INR crore,2026-04-01,2026-06-30,fiscal_quarter,actual,consolidated,2026-06-30,2026-08-31,nhit_quarterly_operations_finance,https://nhit.co.in/pdf/investor-presentations/Investor%20Presentation%20June%202026.pdf,"PDF p12; printed slide 11, Financial Performance (Consolidated)",issuer_disclosure,True,da8176d700cfc2e88e991e2a71e0a78d92d3397a519a7f13b240808a55db65f1,"Q1FY27 includes Round 5 from 1 April 2026; issuer presentation values are rounded. Historical comparator cutoff remains its own quarter end, distinct from the June2026 disclosure context.",NHIT,2026,ebitda_inr_crore,1048.0,issuer_disclosed,issuer,,,,,,,,consolidated|National Highway,nhai,,,,nhit,,2026-06-30,,
nhit,NHIT,InvIT,NHIT,All India,National Highway,finance_charges_inr_crore,454.0,INR crore,454.0,INR crore,2025-04-01,2025-06-30,fiscal_quarter,actual,consolidated,2025-06-30,2026-08-31,nhit_quarterly_operations_finance,https://nhit.co.in/pdf/investor-presentations/Investor%20Presentation%20June%202026.pdf,"PDF p12; printed slide 11, Financial Performance (Consolidated)",issuer_disclosure,True,da8176d700cfc2e88e991e2a71e0a78d92d3397a519a7f13b240808a55db65f1,"Q1FY27 includes Round 5 from 1 April 2026; issuer presentation values are rounded. Historical comparator cutoff remains its own quarter end, distinct from the June2026 disclosure context.",NHIT,2025,finance_charges_inr_crore,454.0,issuer_disclosed,issuer,,,,,,,,consolidated|National Highway,nhai,,,,nhit,,2026-06-30,,
nhit,NHIT,InvIT,NHIT,All India,National Highway,finance_charges_inr_crore,480.0,INR crore,480.0,INR crore,2026-04-01,2026-06-30,fiscal_quarter,actual,consolidated,2026-06-30,2026-08-31,nhit_quarterly_operations_finance,https://nhit.co.in/pdf/investor-presentations/Investor%20Presentation%20June%202026.pdf,"PDF p12; printed slide 11, Financial Performance (Consolidated)",issuer_disclosure,True,da8176d700cfc2e88e991e2a71e0a78d92d3397a519a7f13b240808a55db65f1,"Q1FY27 includes Round 5 from 1 April 2026; issuer presentation values are rounded. Historical comparator cutoff remains its own quarter end, distinct from the June2026 disclosure context.",NHIT,2026,finance_charges_inr_crore,480.0,issuer_disclosed,issuer,,,,,,,,consolidated|National Highway,nhai,,,,nhit,,2026-06-30,,
nhit,NHIT,InvIT,NHIT,All India,National Highway,pat_inr_crore,121.0,INR crore,121.0,INR crore,2025-04-01,2025-06-30,fiscal_quarter,actual,consolidated,2025-06-30,2026-08-31,nhit_quarterly_operations_finance,https://nhit.co.in/pdf/investor-presentations/Investor%20Presentation%20June%202026.pdf,"PDF p12; printed slide 11, Financial Performance (Consolidated)",issuer_disclosure,True,da8176d700cfc2e88e991e2a71e0a78d92d3397a519a7f13b240808a55db65f1,"Q1FY27 includes Round 5 from 1 April 2026; issuer presentation values are rounded. Historical comparator cutoff remains its own quarter end, distinct from the June2026 disclosure context.",NHIT,2025,pat_inr_crore,121.0,issuer_disclosed,issuer,,,,,,,,consolidated|National Highway,nhai,,,,nhit,,2026-06-30,,
nhit,NHIT,InvIT,NHIT,All India,National Highway,pat_inr_crore,235.0,INR crore,235.0,INR crore,2026-04-01,2026-06-30,fiscal_quarter,actual,consolidated,2026-06-30,2026-08-31,nhit_quarterly_operations_finance,https://nhit.co.in/pdf/investor-presentations/Investor%20Presentation%20June%202026.pdf,"PDF p12; printed slide 11, Financial Performance (Consolidated)",issuer_disclosure,True,da8176d700cfc2e88e991e2a71e0a78d92d3397a519a7f13b240808a55db65f1,"Q1FY27 includes Round 5 from 1 April 2026; issuer presentation values are rounded. Historical comparator cutoff remains its own quarter end, distinct from the June2026 disclosure context.",NHIT,2026,pat_inr_crore,235.0,issuer_disclosed,issuer,,,,,,,,consolidated|National Highway,nhai,,,,nhit,,2026-06-30,,
nhit,NHIT,InvIT,NHIT,All India,National Highway,debt_outstanding_inr_crore,21813.0,INR crore,21813.0,INR crore,2025-04-01,2025-06-30,fiscal_quarter,actual,consolidated,2025-06-30,2026-08-31,nhit_quarterly_operations_finance,https://nhit.co.in/pdf/investor-presentations/Investor%20Presentation%20June%202026.pdf,"PDF p12; printed slide 11, Financial Performance (Consolidated)",issuer_disclosure,True,da8176d700cfc2e88e991e2a71e0a78d92d3397a519a7f13b240808a55db65f1,"Q1FY27 includes Round 5 from 1 April 2026; issuer presentation values are rounded. Historical comparator cutoff remains its own quarter end, distinct from the June2026 disclosure context.",NHIT,2025,debt_outstanding_inr_crore,21813.0,issuer_disclosed,issuer,,,,,,,,consolidated|National Highway,nhai,,,,nhit,,2026-06-30,,
nhit,NHIT,InvIT,NHIT,All India,National Highway,debt_outstanding_inr_crore,25252.0,INR crore,25252.0,INR crore,2026-04-01,2026-06-30,fiscal_quarter,actual,consolidated,2026-06-30,2026-08-31,nhit_quarterly_operations_finance,https://nhit.co.in/pdf/investor-presentations/Investor%20Presentation%20June%202026.pdf,"PDF p12; printed slide 11, Financial Performance (Consolidated)",issuer_disclosure,True,da8176d700cfc2e88e991e2a71e0a78d92d3397a519a7f13b240808a55db65f1,"Q1FY27 includes Round 5 from 1 April 2026; issuer presentation values are rounded. Historical comparator cutoff remains its own quarter end, distinct from the June2026 disclosure context.",NHIT,2026,debt_outstanding_inr_crore,25252.0,issuer_disclosed,issuer,,,,,,,,consolidated|National Highway,nhai,,,,nhit,,2026-06-30,,
nhit,NHIT,InvIT,NHIT,All India,National Highway,dscr_ratio,2.11,ratio,2.11,ratio,2025-04-01,2025-06-30,fiscal_quarter,actual,consolidated,2025-06-30,2026-08-31,nhit_quarterly_operations_finance,https://nhit.co.in/pdf/investor-presentations/Investor%20Presentation%20June%202026.pdf,"PDF p12; printed slide 11, Financial Performance (Consolidated)",issuer_disclosure,True,da8176d700cfc2e88e991e2a71e0a78d92d3397a519a7f13b240808a55db65f1,"Q1FY27 includes Round 5 from 1 April 2026; issuer presentation values are rounded. Historical comparator cutoff remains its own quarter end, distinct from the June2026 disclosure context.",NHIT,2025,dscr_ratio,2.11,issuer_disclosed,issuer,,,,,,,,consolidated|National Highway,nhai,,,,nhit,,2026-06-30,,
nhit,NHIT,InvIT,NHIT,All India,National Highway,dscr_ratio,2.49,ratio,2.49,ratio,2026-04-01,2026-06-30,fiscal_quarter,actual,consolidated,2026-06-30,2026-08-31,nhit_quarterly_operations_finance,https://nhit.co.in/pdf/investor-presentations/Investor%20Presentation%20June%202026.pdf,"PDF p12; printed slide 11, Financial Performance (Consolidated)",issuer_disclosure,True,da8176d700cfc2e88e991e2a71e0a78d92d3397a519a7f13b240808a55db65f1,"Q1FY27 includes Round 5 from 1 April 2026; issuer presentation values are rounded. Historical comparator cutoff remains its own quarter end, distinct from the June2026 disclosure context.",NHIT,2026,dscr_ratio,2.49,issuer_disclosed,issuer,,,,,,,,consolidated|National Highway,nhai,,,,nhit,,2026-06-30,,
nhit,NHIT,InvIT,NHIT,All India,National Highway,debt_total_assets_ratio,0.48,ratio,0.48,ratio,2025-04-01,2025-06-30,fiscal_quarter,actual,consolidated,2025-06-30,2026-08-31,nhit_quarterly_operations_finance,https://nhit.co.in/pdf/investor-presentations/Investor%20Presentation%20June%202026.pdf,"PDF p12; printed slide 11, Financial Performance (Consolidated)",issuer_disclosure,True,da8176d700cfc2e88e991e2a71e0a78d92d3397a519a7f13b240808a55db65f1,"Q1FY27 includes Round 5 from 1 April 2026; issuer presentation values are rounded. Historical comparator cutoff remains its own quarter end, distinct from the June2026 disclosure context.",NHIT,2025,debt_total_assets_ratio,0.48,issuer_disclosed,issuer,,,,,,,,consolidated|National Highway,nhai,,,,nhit,,2026-06-30,,
nhit,NHIT,InvIT,NHIT,All India,National Highway,debt_total_assets_ratio,0.49,ratio,0.49,ratio,2026-04-01,2026-06-30,fiscal_quarter,actual,consolidated,2026-06-30,2026-08-31,nhit_quarterly_operations_finance,https://nhit.co.in/pdf/investor-presentations/Investor%20Presentation%20June%202026.pdf,"PDF p12; printed slide 11, Financial Performance (Consolidated)",issuer_disclosure,True,da8176d700cfc2e88e991e2a71e0a78d92d3397a519a7f13b240808a55db65f1,"Q1FY27 includes Round 5 from 1 April 2026; issuer presentation values are rounded. Historical comparator cutoff remains its own quarter end, distinct from the June2026 disclosure context.",NHIT,2026,debt_total_assets_ratio,0.49,issuer_disclosed,issuer,,,,,,,,consolidated|National Highway,nhai,,,,nhit,,2026-06-30,,
nhit,NHIT,InvIT,NHIT,All India,National Highway,distribution_inr_crore,578.0,INR crore,578.0,INR crore,2025-04-01,2025-06-30,fiscal_quarter,actual,consolidated,2025-06-30,2026-08-31,nhit_quarterly_operations_finance,https://nhit.co.in/pdf/investor-presentations/Investor%20Presentation%20June%202026.pdf,"PDF p12; printed slide 11, Financial Performance (Consolidated)",issuer_disclosure,True,da8176d700cfc2e88e991e2a71e0a78d92d3397a519a7f13b240808a55db65f1,"Q1FY27 includes Round 5 from 1 April 2026; issuer presentation values are rounded. Historical comparator cutoff remains its own quarter end, distinct from the June2026 disclosure context.",NHIT,2025,distribution_inr_crore,578.0,issuer_disclosed,issuer,,,,,,,,consolidated|National Highway,nhai,,,,nhit,,2026-06-30,,
nhit,NHIT,InvIT,NHIT,All India,National Highway,distribution_inr_crore,682.0,INR crore,682.0,INR crore,2026-04-01,2026-06-30,fiscal_quarter,actual,consolidated,2026-06-30,2026-08-31,nhit_quarterly_operations_finance,https://nhit.co.in/pdf/investor-presentations/Investor%20Presentation%20June%202026.pdf,"PDF p12; printed slide 11, Financial Performance (Consolidated)",issuer_disclosure,True,da8176d700cfc2e88e991e2a71e0a78d92d3397a519a7f13b240808a55db65f1,"Q1FY27 includes Round 5 from 1 April 2026; issuer presentation values are rounded. Historical comparator cutoff remains its own quarter end, distinct from the June2026 disclosure context.",NHIT,2026,distribution_inr_crore,682.0,issuer_disclosed,issuer,,,,,,,,consolidated|National Highway,nhai,,,,nhit,,2026-06-30,,
nhit,NHIT,InvIT,NHIT,All India,National Highway,distribution_per_unit_inr,2.984,INR/unit,2.984,INR/unit,2025-04-01,2025-06-30,fiscal_quarter,actual,consolidated,2025-06-30,2026-08-31,nhit_quarterly_operations_finance,https://nhit.co.in/pdf/investor-presentations/Investor%20Presentation%20June%202026.pdf,"PDF p12; printed slide 11, Financial Performance (Consolidated)",issuer_disclosure,True,da8176d700cfc2e88e991e2a71e0a78d92d3397a519a7f13b240808a55db65f1,"Q1FY27 includes Round 5 from 1 April 2026; issuer presentation values are rounded. Historical comparator cutoff remains its own quarter end, distinct from the June2026 disclosure context.",NHIT,2025,distribution_per_unit_inr,2.984,issuer_disclosed,issuer,,,,,,,,consolidated|National Highway,nhai,,,,nhit,,2026-06-30,,
nhit,NHIT,InvIT,NHIT,All India,National Highway,distribution_per_unit_inr,3.187,INR/unit,3.187,INR/unit,2026-04-01,2026-06-30,fiscal_quarter,actual,consolidated,2026-06-30,2026-08-31,nhit_quarterly_operations_finance,https://nhit.co.in/pdf/investor-presentations/Investor%20Presentation%20June%202026.pdf,"PDF p12; printed slide 11, Financial Performance (Consolidated)",issuer_disclosure,True,da8176d700cfc2e88e991e2a71e0a78d92d3397a519a7f13b240808a55db65f1,"Q1FY27 includes Round 5 from 1 April 2026; issuer presentation values are rounded. Historical comparator cutoff remains its own quarter end, distinct from the June2026 disclosure context.",NHIT,2026,distribution_per_unit_inr,3.187,issuer_disclosed,issuer,,,,,,,,consolidated|National Highway,nhai,,,,nhit,,2026-06-30,,
nhit,NHIT,InvIT,NHIT,All India,National Highway,units_outstanding_crore_units,193.68,crore units,193.68,crore units,2025-04-01,2025-06-30,fiscal_quarter,actual,consolidated,2025-06-30,2026-08-31,nhit_quarterly_operations_finance,https://nhit.co.in/pdf/investor-presentations/Investor%20Presentation%20June%202026.pdf,"PDF p12; printed slide 11, Financial Performance (Consolidated)",issuer_disclosure,True,da8176d700cfc2e88e991e2a71e0a78d92d3397a519a7f13b240808a55db65f1,"Q1FY27 includes Round 5 from 1 April 2026; issuer presentation values are rounded. Historical comparator cutoff remains its own quarter end, distinct from the June2026 disclosure context.",NHIT,2025,units_outstanding_crore_units,193.68,issuer_disclosed,issuer,,,,,,,,consolidated|National Highway,nhai,,,,nhit,,2026-06-30,,
nhit,NHIT,InvIT,NHIT,All India,National Highway,units_outstanding_crore_units,213.86,crore units,213.86,crore units,2026-04-01,2026-06-30,fiscal_quarter,actual,consolidated,2026-06-30,2026-08-31,nhit_quarterly_operations_finance,https://nhit.co.in/pdf/investor-presentations/Investor%20Presentation%20June%202026.pdf,"PDF p12; printed slide 11, Financial Performance (Consolidated)",issuer_disclosure,True,da8176d700cfc2e88e991e2a71e0a78d92d3397a519a7f13b240808a55db65f1,"Q1FY27 includes Round 5 from 1 April 2026; issuer presentation values are rounded. Historical comparator cutoff remains its own quarter end, distinct from the June2026 disclosure context.",NHIT,2026,units_outstanding_crore_units,213.86,issuer_disclosed,issuer,,,,,,,,consolidated|National Highway,nhai,,,,nhit,,2026-06-30,,
nwppl_r1_r2,NWPPL R1/R2,SPV_round,NHIT,All India,National Highway,revenue_operations_inr_crore,266.0,INR crore,266.0,INR crore,2025-04-01,2025-06-30,fiscal_quarter,actual,SPV_round,2025-06-30,2026-08-31,nhit_quarterly_operations_finance,https://nhit.co.in/pdf/investor-presentations/Investor%20Presentation%20June%202026.pdf,PDF p12; printed slide 11,issuer_disclosure,True,da8176d700cfc2e88e991e2a71e0a78d92d3397a519a7f13b240808a55db65f1,,NWPPL R1/R2,2025,revenue_operations_inr_crore,266.0,issuer_disclosed,issuer,,,,,,,,SPV_round|National Highway,nhai,,,nwppl,nhit,,2026-06-30,,
nwppl_r1_r2,NWPPL R1/R2,SPV_round,NHIT,All India,National Highway,revenue_operations_inr_crore,299.0,INR crore,299.0,INR crore,2026-04-01,2026-06-30,fiscal_quarter,actual,SPV_round,2026-06-30,2026-08-31,nhit_quarterly_operations_finance,https://nhit.co.in/pdf/investor-presentations/Investor%20Presentation%20June%202026.pdf,PDF p12; printed slide 11,issuer_disclosure,True,da8176d700cfc2e88e991e2a71e0a78d92d3397a519a7f13b240808a55db65f1,,NWPPL R1/R2,2026,revenue_operations_inr_crore,299.0,issuer_disclosed,issuer,,,,,,,,SPV_round|National Highway,nhai,,,nwppl,nhit,,2026-06-30,,
neppl,NEPPL R3,SPV_round,NHIT,All India,National Highway,revenue_operations_inr_crore,363.0,INR crore,363.0,INR crore,2025-04-01,2025-06-30,fiscal_quarter,actual,SPV_round,2025-06-30,2026-08-31,nhit_quarterly_operations_finance,https://nhit.co.in/pdf/investor-presentations/Investor%20Presentation%20June%202026.pdf,PDF p12; printed slide 11,issuer_disclosure,True,da8176d700cfc2e88e991e2a71e0a78d92d3397a519a7f13b240808a55db65f1,,NEPPL R3,2025,revenue_operations_inr_crore,363.0,issuer_disclosed,issuer,,,,,,,,SPV_round|National Highway,nhai,,,neppl,nhit,,2026-06-30,,
neppl,NEPPL R3,SPV_round,NHIT,All India,National Highway,revenue_operations_inr_crore,417.0,INR crore,417.0,INR crore,2026-04-01,2026-06-30,fiscal_quarter,actual,SPV_round,2026-06-30,2026-08-31,nhit_quarterly_operations_finance,https://nhit.co.in/pdf/investor-presentations/Investor%20Presentation%20June%202026.pdf,PDF p12; printed slide 11,issuer_disclosure,True,da8176d700cfc2e88e991e2a71e0a78d92d3397a519a7f13b240808a55db65f1,,NEPPL R3,2026,revenue_operations_inr_crore,417.0,issuer_disclosed,issuer,,,,,,,,SPV_round|National Highway,nhai,,,neppl,nhit,,2026-06-30,,
nsppl,NSPPL R4,SPV_round,NHIT,All India,National Highway,revenue_operations_inr_crore,394.0,INR crore,394.0,INR crore,2025-04-01,2025-06-30,fiscal_quarter,actual,SPV_round,2025-06-30,2026-08-31,nhit_quarterly_operations_finance,https://nhit.co.in/pdf/investor-presentations/Investor%20Presentation%20June%202026.pdf,PDF p12; printed slide 11,issuer_disclosure,True,da8176d700cfc2e88e991e2a71e0a78d92d3397a519a7f13b240808a55db65f1,,NSPPL R4,2025,revenue_operations_inr_crore,394.0,issuer_disclosed,issuer,,,,,,,,SPV_round|National Highway,nhai,,,nsppl,nhit,,2026-06-30,,
nsppl,NSPPL R4,SPV_round,NHIT,All India,National Highway,revenue_operations_inr_crore,468.0,INR crore,468.0,INR crore,2026-04-01,2026-06-30,fiscal_quarter,actual,SPV_round,2026-06-30,2026-08-31,nhit_quarterly_operations_finance,https://nhit.co.in/pdf/investor-presentations/Investor%20Presentation%20June%202026.pdf,PDF p12; printed slide 11,issuer_disclosure,True,da8176d700cfc2e88e991e2a71e0a78d92d3397a519a7f13b240808a55db65f1,,NSPPL R4,2026,revenue_operations_inr_crore,468.0,issuer_disclosed,issuer,,,,,,,,SPV_round|National Highway,nhai,,,nsppl,nhit,,2026-06-30,,
nwppl_r5,NWPPL R5,SPV_round,NHIT,All India,National Highway,revenue_operations_inr_crore,128.0,INR crore,128.0,INR crore,2026-04-01,2026-06-30,fiscal_quarter,actual,SPV_round,2026-06-30,2026-08-31,nhit_quarterly_operations_finance,https://nhit.co.in/pdf/investor-presentations/Investor%20Presentation%20June%202026.pdf,PDF p12; printed slide 11,issuer_disclosure,True,da8176d700cfc2e88e991e2a71e0a78d92d3397a519a7f13b240808a55db65f1,,NWPPL R5,2026,revenue_operations_inr_crore,128.0,issuer_disclosed,issuer,,,,,,,,SPV_round|National Highway,nhai,,,nwppl,nhit,,2026-06-30,,
nwppl_ap,NWPPL / AP,toll_asset_group,NHIT,All India,National Highway,traffic_pcu,35208.0,PCU,35208.0,PCU,2025-04-01,2025-06-30,fiscal_quarter,actual,ETC_non_ETC_including_exempt,2025-06-30,2026-08-31,nhit_quarterly_operations_finance,https://nhit.co.in/pdf/investor-presentations/Investor%20Presentation%20June%202026.pdf,"PDF p9; printed slide 8, asset chart AP",issuer_disclosure,True,da8176d700cfc2e88e991e2a71e0a78d92d3397a519a7f13b240808a55db65f1,NSPPL FY26 traffic uses ETC only; FY27 includes non-ETC/exempt: these bases cannot support a comparable YoY calculation. FY27 toll revenue includes annual pass compensation.,NWPPL / AP,2025,traffic_pcu,35208.0,issuer_disclosed,issuer,nwppl_ap,,,,,,,ETC_non_ETC_including_exempt|National Highway,nhai,,,nwppl,nhit,,2026-06-30,,
nwppl_ap,NWPPL / AP,toll_asset_group,NHIT,All India,National Highway,toll_revenue_inr_crore,25.0,INR crore,25.0,INR crore,2025-04-01,2025-06-30,fiscal_quarter,actual,ETC_non_ETC_including_exempt,2025-06-30,2026-08-31,nhit_quarterly_operations_finance,https://nhit.co.in/pdf/investor-presentations/Investor%20Presentation%20June%202026.pdf,"PDF p9; printed slide 8, asset chart AP",issuer_disclosure,True,da8176d700cfc2e88e991e2a71e0a78d92d3397a519a7f13b240808a55db65f1,NSPPL FY26 traffic uses ETC only; FY27 includes non-ETC/exempt: these bases cannot support a comparable YoY calculation. FY27 toll revenue includes annual pass compensation.,NWPPL / AP,2025,toll_revenue_inr_crore,25.0,issuer_disclosed,issuer,nwppl_ap,,,,,,,ETC_non_ETC_including_exempt|National Highway,nhai,,,nwppl,nhit,,2026-06-30,,
nwppl_ap,NWPPL / AP,toll_asset_group,NHIT,All India,National Highway,traffic_pcu,34011.0,PCU,34011.0,PCU,2026-04-01,2026-06-30,fiscal_quarter,actual,ETC_non_ETC_including_exempt,2026-06-30,2026-08-31,nhit_quarterly_operations_finance,https://nhit.co.in/pdf/investor-presentations/Investor%20Presentation%20June%202026.pdf,"PDF p9; printed slide 8, asset chart AP",issuer_disclosure,True,da8176d700cfc2e88e991e2a71e0a78d92d3397a519a7f13b240808a55db65f1,NSPPL FY26 traffic uses ETC only; FY27 includes non-ETC/exempt: these bases cannot support a comparable YoY calculation. FY27 toll revenue includes annual pass compensation.,NWPPL / AP,2026,traffic_pcu,34011.0,issuer_disclosed,issuer,nwppl_ap,,,,,,,ETC_non_ETC_including_exempt|National Highway,nhai,,,nwppl,nhit,,2026-06-30,,
nwppl_ap,NWPPL / AP,toll_asset_group,NHIT,All India,National Highway,toll_revenue_inr_crore,24.0,INR crore,24.0,INR crore,2026-04-01,2026-06-30,fiscal_quarter,actual,ETC_non_ETC_including_exempt,2026-06-30,2026-08-31,nhit_quarterly_operations_finance,https://nhit.co.in/pdf/investor-presentations/Investor%20Presentation%20June%202026.pdf,"PDF p9; printed slide 8, asset chart AP",issuer_disclosure,True,da8176d700cfc2e88e991e2a71e0a78d92d3397a519a7f13b240808a55db65f1,NSPPL FY26 traffic uses ETC only; FY27 includes non-ETC/exempt: these bases cannot support a comparable YoY calculation. FY27 toll revenue includes annual pass compensation.,NWPPL / AP,2026,toll_revenue_inr_crore,24.0,issuer_disclosed,issuer,nwppl_ap,,,,,,,ETC_non_ETC_including_exempt|National Highway,nhai,,,nwppl,nhit,,2026-06-30,,
nwppl_as,NWPPL / AS,toll_asset_group,NHIT,All India,National Highway,traffic_pcu,38682.0,PCU,38682.0,PCU,2025-04-01,2025-06-30,fiscal_quarter,actual,ETC_non_ETC_including_exempt,2025-06-30,2026-08-31,nhit_quarterly_operations_finance,https://nhit.co.in/pdf/investor-presentations/Investor%20Presentation%20June%202026.pdf,"PDF p9; printed slide 8, asset chart AS",issuer_disclosure,True,da8176d700cfc2e88e991e2a71e0a78d92d3397a519a7f13b240808a55db65f1,NSPPL FY26 traffic uses ETC only; FY27 includes non-ETC/exempt: these bases cannot support a comparable YoY calculation. FY27 toll revenue includes annual pass compensation.,NWPPL / AS,2025,traffic_pcu,38682.0,issuer_disclosed,issuer,nwppl_as,,,,,,,ETC_non_ETC_including_exempt|National Highway,nhai,,,nwppl,nhit,,2026-06-30,,
nwppl_as,NWPPL / AS,toll_asset_group,NHIT,All India,National Highway,toll_revenue_inr_crore,18.0,INR crore,18.0,INR crore,2025-04-01,2025-06-30,fiscal_quarter,actual,ETC_non_ETC_including_exempt,2025-06-30,2026-08-31,nhit_quarterly_operations_finance,https://nhit.co.in/pdf/investor-presentations/Investor%20Presentation%20June%202026.pdf,"PDF p9; printed slide 8, asset chart AS",issuer_disclosure,True,da8176d700cfc2e88e991e2a71e0a78d92d3397a519a7f13b240808a55db65f1,NSPPL FY26 traffic uses ETC only; FY27 includes non-ETC/exempt: these bases cannot support a comparable YoY calculation. FY27 toll revenue includes annual pass compensation.,NWPPL / AS,2025,toll_revenue_inr_crore,18.0,issuer_disclosed,issuer,nwppl_as,,,,,,,ETC_non_ETC_including_exempt|National Highway,nhai,,,nwppl,nhit,,2026-06-30,,
nwppl_as,NWPPL / AS,toll_asset_group,NHIT,All India,National Highway,traffic_pcu,38963.0,PCU,38963.0,PCU,2026-04-01,2026-06-30,fiscal_quarter,actual,ETC_non_ETC_including_exempt,2026-06-30,2026-08-31,nhit_quarterly_operations_finance,https://nhit.co.in/pdf/investor-presentations/Investor%20Presentation%20June%202026.pdf,"PDF p9; printed slide 8, asset chart AS",issuer_disclosure,True,da8176d700cfc2e88e991e2a71e0a78d92d3397a519a7f13b240808a55db65f1,NSPPL FY26 traffic uses ETC only; FY27 includes non-ETC/exempt: these bases cannot support a comparable YoY calculation. FY27 toll revenue includes annual pass compensation.,NWPPL / AS,2026,traffic_pcu,38963.0,issuer_disclosed,issuer,nwppl_as,,,,,,,ETC_non_ETC_including_exempt|National Highway,nhai,,,nwppl,nhit,,2026-06-30,,
nwppl_as,NWPPL / AS,toll_asset_group,NHIT,All India,National Highway,toll_revenue_inr_crore,18.0,INR crore,18.0,INR crore,2026-04-01,2026-06-30,fiscal_quarter,actual,ETC_non_ETC_including_exempt,2026-06-30,2026-08-31,nhit_quarterly_operations_finance,https://nhit.co.in/pdf/investor-presentations/Investor%20Presentation%20June%202026.pdf,"PDF p9; printed slide 8, asset chart AS",issuer_disclosure,True,da8176d700cfc2e88e991e2a71e0a78d92d3397a519a7f13b240808a55db65f1,NSPPL FY26 traffic uses ETC only; FY27 includes non-ETC/exempt: these bases cannot support a comparable YoY calculation. FY27 toll revenue includes annual pass compensation.,NWPPL / AS,2026,toll_revenue_inr_crore,18.0,issuer_disclosed,issuer,nwppl_as,,,,,,,ETC_non_ETC_including_exempt|National Highway,nhai,,,nwppl,nhit,,2026-06-30,,
nwppl_kk,NWPPL / KK,toll_asset_group,NHIT,All India,National Highway,traffic_pcu,45386.0,PCU,45386.0,PCU,2025-04-01,2025-06-30,fiscal_quarter,actual,ETC_non_ETC_including_exempt,2025-06-30,2026-08-31,nhit_quarterly_operations_finance,https://nhit.co.in/pdf/investor-presentations/Investor%20Presentation%20June%202026.pdf,"PDF p9; printed slide 8, asset chart KK",issuer_disclosure,True,da8176d700cfc2e88e991e2a71e0a78d92d3397a519a7f13b240808a55db65f1,NSPPL FY26 traffic uses ETC only; FY27 includes non-ETC/exempt: these bases cannot support a comparable YoY calculation. FY27 toll revenue includes annual pass compensation.,NWPPL / KK,2025,traffic_pcu,45386.0,issuer_disclosed,issuer,nwppl_kk,,,,,,,ETC_non_ETC_including_exempt|National Highway,nhai,,,nwppl,nhit,,2026-06-30,,
nwppl_kk,NWPPL / KK,toll_asset_group,NHIT,All India,National Highway,toll_revenue_inr_crore,58.0,INR crore,58.0,INR crore,2025-04-01,2025-06-30,fiscal_quarter,actual,ETC_non_ETC_including_exempt,2025-06-30,2026-08-31,nhit_quarterly_operations_finance,https://nhit.co.in/pdf/investor-presentations/Investor%20Presentation%20June%202026.pdf,"PDF p9; printed slide 8, asset chart KK",issuer_disclosure,True,da8176d700cfc2e88e991e2a71e0a78d92d3397a519a7f13b240808a55db65f1,NSPPL FY26 traffic uses ETC only; FY27 includes non-ETC/exempt: these bases cannot support a comparable YoY calculation. FY27 toll revenue includes annual pass compensation.,NWPPL / KK,2025,toll_revenue_inr_crore,58.0,issuer_disclosed,issuer,nwppl_kk,,,,,,,ETC_non_ETC_including_exempt|National Highway,nhai,,,nwppl,nhit,,2026-06-30,,
nwppl_kk,NWPPL / KK,toll_asset_group,NHIT,All India,National Highway,traffic_pcu,50157.0,PCU,50157.0,PCU,2026-04-01,2026-06-30,fiscal_quarter,actual,ETC_non_ETC_including_exempt,2026-06-30,2026-08-31,nhit_quarterly_operations_finance,https://nhit.co.in/pdf/investor-presentations/Investor%20Presentation%20June%202026.pdf,"PDF p9; printed slide 8, asset chart KK",issuer_disclosure,True,da8176d700cfc2e88e991e2a71e0a78d92d3397a519a7f13b240808a55db65f1,NSPPL FY26 traffic uses ETC only; FY27 includes non-ETC/exempt: these bases cannot support a comparable YoY calculation. FY27 toll revenue includes annual pass compensation.,NWPPL / KK,2026,traffic_pcu,50157.0,issuer_disclosed,issuer,nwppl_kk,,,,,,,ETC_non_ETC_including_exempt|National Highway,nhai,,,nwppl,nhit,,2026-06-30,,
nwppl_kk,NWPPL / KK,toll_asset_group,NHIT,All India,National Highway,toll_revenue_inr_crore,67.0,INR crore,67.0,INR crore,2026-04-01,2026-06-30,fiscal_quarter,actual,ETC_non_ETC_including_exempt,2026-06-30,2026-08-31,nhit_quarterly_operations_finance,https://nhit.co.in/pdf/investor-presentations/Investor%20Presentation%20June%202026.pdf,"PDF p9; printed slide 8, asset chart KK",issuer_disclosure,True,da8176d700cfc2e88e991e2a71e0a78d92d3397a519a7f13b240808a55db65f1,NSPPL FY26 traffic uses ETC only; FY27 includes non-ETC/exempt: these bases cannot support a comparable YoY calculation. FY27 toll revenue includes annual pass compensation.,NWPPL / KK,2026,toll_revenue_inr_crore,67.0,issuer_disclosed,issuer,nwppl_kk,,,,,,,ETC_non_ETC_including_exempt|National Highway,nhai,,,nwppl,nhit,,2026-06-30,,
nwppl_bk,NWPPL / BK,toll_asset_group,NHIT,All India,National Highway,traffic_pcu,32454.0,PCU,32454.0,PCU,2025-04-01,2025-06-30,fiscal_quarter,actual,ETC_non_ETC_including_exempt,2025-06-30,2026-08-31,nhit_quarterly_operations_finance,https://nhit.co.in/pdf/investor-presentations/Investor%20Presentation%20June%202026.pdf,"PDF p9; printed slide 8, asset chart BK",issuer_disclosure,True,da8176d700cfc2e88e991e2a71e0a78d92d3397a519a7f13b240808a55db65f1,NSPPL FY26 traffic uses ETC only; FY27 includes non-ETC/exempt: these bases cannot support a comparable YoY calculation. FY27 toll revenue includes annual pass compensation.,NWPPL / BK,2025,traffic_pcu,32454.0,issuer_disclosed,issuer,nwppl_bk,,,,,,,ETC_non_ETC_including_exempt|National Highway,nhai,,,nwppl,nhit,,2026-06-30,,
nwppl_bk,NWPPL / BK,toll_asset_group,NHIT,All India,National Highway,toll_revenue_inr_crore,24.0,INR crore,24.0,INR crore,2025-04-01,2025-06-30,fiscal_quarter,actual,ETC_non_ETC_including_exempt,2025-06-30,2026-08-31,nhit_quarterly_operations_finance,https://nhit.co.in/pdf/investor-presentations/Investor%20Presentation%20June%202026.pdf,"PDF p9; printed slide 8, asset chart BK",issuer_disclosure,True,da8176d700cfc2e88e991e2a71e0a78d92d3397a519a7f13b240808a55db65f1,NSPPL FY26 traffic uses ETC only; FY27 includes non-ETC/exempt: these bases cannot support a comparable YoY calculation. FY27 toll revenue includes annual pass compensation.,NWPPL / BK,2025,toll_revenue_inr_crore,24.0,issuer_disclosed,issuer,nwppl_bk,,,,,,,ETC_non_ETC_including_exempt|National Highway,nhai,,,nwppl,nhit,,2026-06-30,,
nwppl_bk,NWPPL / BK,toll_asset_group,NHIT,All India,National Highway,traffic_pcu,37466.0,PCU,37466.0,PCU,2026-04-01,2026-06-30,fiscal_quarter,actual,ETC_non_ETC_including_exempt,2026-06-30,2026-08-31,nhit_quarterly_operations_finance,https://nhit.co.in/pdf/investor-presentations/Investor%20Presentation%20June%202026.pdf,"PDF p9; printed slide 8, asset chart BK",issuer_disclosure,True,da8176d700cfc2e88e991e2a71e0a78d92d3397a519a7f13b240808a55db65f1,NSPPL FY26 traffic uses ETC only; FY27 includes non-ETC/exempt: these bases cannot support a comparable YoY calculation. FY27 toll revenue includes annual pass compensation.,NWPPL / BK,2026,traffic_pcu,37466.0,issuer_disclosed,issuer,nwppl_bk,,,,,,,ETC_non_ETC_including_exempt|National Highway,nhai,,,nwppl,nhit,,2026-06-30,,
nwppl_bk,NWPPL / BK,toll_asset_group,NHIT,All India,National Highway,toll_revenue_inr_crore,28.0,INR crore,28.0,INR crore,2026-04-01,2026-06-30,fiscal_quarter,actual,ETC_non_ETC_including_exempt,2026-06-30,2026-08-31,nhit_quarterly_operations_finance,https://nhit.co.in/pdf/investor-presentations/Investor%20Presentation%20June%202026.pdf,"PDF p9; printed slide 8, asset chart BK",issuer_disclosure,True,da8176d700cfc2e88e991e2a71e0a78d92d3397a519a7f13b240808a55db65f1,NSPPL FY26 traffic uses ETC only; FY27 includes non-ETC/exempt: these bases cannot support a comparable YoY calculation. FY27 toll revenue includes annual pass compensation.,NWPPL / BK,2026,toll_revenue_inr_crore,28.0,issuer_disclosed,issuer,nwppl_bk,,,,,,,ETC_non_ETC_including_exempt|National Highway,nhai,,,nwppl,nhit,,2026-06-30,,
nwppl_ck,NWPPL / CK,toll_asset_group,NHIT,All India,National Highway,traffic_pcu,12868.0,PCU,12868.0,PCU,2025-04-01,2025-06-30,fiscal_quarter,actual,ETC_non_ETC_including_exempt,2025-06-30,2026-08-31,nhit_quarterly_operations_finance,https://nhit.co.in/pdf/investor-presentations/Investor%20Presentation%20June%202026.pdf,"PDF p9; printed slide 8, asset chart CK",issuer_disclosure,True,da8176d700cfc2e88e991e2a71e0a78d92d3397a519a7f13b240808a55db65f1,NSPPL FY26 traffic uses ETC only; FY27 includes non-ETC/exempt: these bases cannot support a comparable YoY calculation. FY27 toll revenue includes annual pass compensation.,NWPPL / CK,2025,traffic_pcu,12868.0,issuer_disclosed,issuer,nwppl_ck,,,,,,,ETC_non_ETC_including_exempt|National Highway,nhai,,,nwppl,nhit,,2026-06-30,,
nwppl_ck,NWPPL / CK,toll_asset_group,NHIT,All India,National Highway,toll_revenue_inr_crore,31.0,INR crore,31.0,INR crore,2025-04-01,2025-06-30,fiscal_quarter,actual,ETC_non_ETC_including_exempt,2025-06-30,2026-08-31,nhit_quarterly_operations_finance,https://nhit.co.in/pdf/investor-presentations/Investor%20Presentation%20June%202026.pdf,"PDF p9; printed slide 8, asset chart CK",issuer_disclosure,True,da8176d700cfc2e88e991e2a71e0a78d92d3397a519a7f13b240808a55db65f1,NSPPL FY26 traffic uses ETC only; FY27 includes non-ETC/exempt: these bases cannot support a comparable YoY calculation. FY27 toll revenue includes annual pass compensation.,NWPPL / CK,2025,toll_revenue_inr_crore,31.0,issuer_disclosed,issuer,nwppl_ck,,,,,,,ETC_non_ETC_including_exempt|National Highway,nhai,,,nwppl,nhit,,2026-06-30,,
nwppl_ck,NWPPL / CK,toll_asset_group,NHIT,All India,National Highway,traffic_pcu,14850.0,PCU,14850.0,PCU,2026-04-01,2026-06-30,fiscal_quarter,actual,ETC_non_ETC_including_exempt,2026-06-30,2026-08-31,nhit_quarterly_operations_finance,https://nhit.co.in/pdf/investor-presentations/Investor%20Presentation%20June%202026.pdf,"PDF p9; printed slide 8, asset chart CK",issuer_disclosure,True,da8176d700cfc2e88e991e2a71e0a78d92d3397a519a7f13b240808a55db65f1,NSPPL FY26 traffic uses ETC only; FY27 includes non-ETC/exempt: these bases cannot support a comparable YoY calculation. FY27 toll revenue includes annual pass compensation.,NWPPL / CK,2026,traffic_pcu,14850.0,issuer_disclosed,issuer,nwppl_ck,,,,,,,ETC_non_ETC_including_exempt|National Highway,nhai,,,nwppl,nhit,,2026-06-30,,
nwppl_ck,NWPPL / CK,toll_asset_group,NHIT,All India,National Highway,toll_revenue_inr_crore,38.0,INR crore,38.0,INR crore,2026-04-01,2026-06-30,fiscal_quarter,actual,ETC_non_ETC_including_exempt,2026-06-30,2026-08-31,nhit_quarterly_operations_finance,https://nhit.co.in/pdf/investor-presentations/Investor%20Presentation%20June%202026.pdf,"PDF p9; printed slide 8, asset chart CK",issuer_disclosure,True,da8176d700cfc2e88e991e2a71e0a78d92d3397a519a7f13b240808a55db65f1,NSPPL FY26 traffic uses ETC only; FY27 includes non-ETC/exempt: these bases cannot support a comparable YoY calculation. FY27 toll revenue includes annual pass compensation.,NWPPL / CK,2026,toll_revenue_inr_crore,38.0,issuer_disclosed,issuer,nwppl_ck,,,,,,,ETC_non_ETC_including_exempt|National Highway,nhai,,,nwppl,nhit,,2026-06-30,,
nwppl_bm,NWPPL / BM,toll_asset_group,NHIT,All India,National Highway,traffic_pcu,24595.0,PCU,24595.0,PCU,2025-04-01,2025-06-30,fiscal_quarter,actual,ETC_non_ETC_including_exempt,2025-06-30,2026-08-31,nhit_quarterly_operations_finance,https://nhit.co.in/pdf/investor-presentations/Investor%20Presentation%20June%202026.pdf,"PDF p9; printed slide 8, asset chart BM",issuer_disclosure,True,da8176d700cfc2e88e991e2a71e0a78d92d3397a519a7f13b240808a55db65f1,NSPPL FY26 traffic uses ETC only; FY27 includes non-ETC/exempt: these bases cannot support a comparable YoY calculation. FY27 toll revenue includes annual pass compensation.,NWPPL / BM,2025,traffic_pcu,24595.0,issuer_disclosed,issuer,nwppl_bm,,,,,,,ETC_non_ETC_including_exempt|National Highway,nhai,,,nwppl,nhit,,2026-06-30,,
nwppl_bm,NWPPL / BM,toll_asset_group,NHIT,All India,National Highway,toll_revenue_inr_crore,59.0,INR crore,59.0,INR crore,2025-04-01,2025-06-30,fiscal_quarter,actual,ETC_non_ETC_including_exempt,2025-06-30,2026-08-31,nhit_quarterly_operations_finance,https://nhit.co.in/pdf/investor-presentations/Investor%20Presentation%20June%202026.pdf,"PDF p9; printed slide 8, asset chart BM",issuer_disclosure,True,da8176d700cfc2e88e991e2a71e0a78d92d3397a519a7f13b240808a55db65f1,NSPPL FY26 traffic uses ETC only; FY27 includes non-ETC/exempt: these bases cannot support a comparable YoY calculation. FY27 toll revenue includes annual pass compensation.,NWPPL / BM,2025,toll_revenue_inr_crore,59.0,issuer_disclosed,issuer,nwppl_bm,,,,,,,ETC_non_ETC_including_exempt|National Highway,nhai,,,nwppl,nhit,,2026-06-30,,
nwppl_bm,NWPPL / BM,toll_asset_group,NHIT,All India,National Highway,traffic_pcu,27507.0,PCU,27507.0,PCU,2026-04-01,2026-06-30,fiscal_quarter,actual,ETC_non_ETC_including_exempt,2026-06-30,2026-08-31,nhit_quarterly_operations_finance,https://nhit.co.in/pdf/investor-presentations/Investor%20Presentation%20June%202026.pdf,"PDF p9; printed slide 8, asset chart BM",issuer_disclosure,True,da8176d700cfc2e88e991e2a71e0a78d92d3397a519a7f13b240808a55db65f1,NSPPL FY26 traffic uses ETC only; FY27 includes non-ETC/exempt: these bases cannot support a comparable YoY calculation. FY27 toll revenue includes annual pass compensation.,NWPPL / BM,2026,traffic_pcu,27507.0,issuer_disclosed,issuer,nwppl_bm,,,,,,,ETC_non_ETC_including_exempt|National Highway,nhai,,,nwppl,nhit,,2026-06-30,,
nwppl_bm,NWPPL / BM,toll_asset_group,NHIT,All India,National Highway,toll_revenue_inr_crore,68.0,INR crore,68.0,INR crore,2026-04-01,2026-06-30,fiscal_quarter,actual,ETC_non_ETC_including_exempt,2026-06-30,2026-08-31,nhit_quarterly_operations_finance,https://nhit.co.in/pdf/investor-presentations/Investor%20Presentation%20June%202026.pdf,"PDF p9; printed slide 8, asset chart BM",issuer_disclosure,True,da8176d700cfc2e88e991e2a71e0a78d92d3397a519a7f13b240808a55db65f1,NSPPL FY26 traffic uses ETC only; FY27 includes non-ETC/exempt: these bases cannot support a comparable YoY calculation. FY27 toll revenue includes annual pass compensation.,NWPPL / BM,2026,toll_revenue_inr_crore,68.0,issuer_disclosed,issuer,nwppl_bm,,,,,,,ETC_non_ETC_including_exempt|National Highway,nhai,,,nwppl,nhit,,2026-06-30,,
nwppl_ab,NWPPL / AB,toll_asset_group,NHIT,All India,National Highway,traffic_pcu,31103.0,PCU,31103.0,PCU,2025-04-01,2025-06-30,fiscal_quarter,actual,ETC_non_ETC_including_exempt,2025-06-30,2026-08-31,nhit_quarterly_operations_finance,https://nhit.co.in/pdf/investor-presentations/Investor%20Presentation%20June%202026.pdf,"PDF p9; printed slide 8, asset chart AB",issuer_disclosure,True,da8176d700cfc2e88e991e2a71e0a78d92d3397a519a7f13b240808a55db65f1,NSPPL FY26 traffic uses ETC only; FY27 includes non-ETC/exempt: these bases cannot support a comparable YoY calculation. FY27 toll revenue includes annual pass compensation.,NWPPL / AB,2025,traffic_pcu,31103.0,issuer_disclosed,issuer,nwppl_ab,,,,,,,ETC_non_ETC_including_exempt|National Highway,nhai,,,nwppl,nhit,,2026-06-30,,
nwppl_ab,NWPPL / AB,toll_asset_group,NHIT,All India,National Highway,toll_revenue_inr_crore,26.0,INR crore,26.0,INR crore,2025-04-01,2025-06-30,fiscal_quarter,actual,ETC_non_ETC_including_exempt,2025-06-30,2026-08-31,nhit_quarterly_operations_finance,https://nhit.co.in/pdf/investor-presentations/Investor%20Presentation%20June%202026.pdf,"PDF p9; printed slide 8, asset chart AB",issuer_disclosure,True,da8176d700cfc2e88e991e2a71e0a78d92d3397a519a7f13b240808a55db65f1,NSPPL FY26 traffic uses ETC only; FY27 includes non-ETC/exempt: these bases cannot support a comparable YoY calculation. FY27 toll revenue includes annual pass compensation.,NWPPL / AB,2025,toll_revenue_inr_crore,26.0,issuer_disclosed,issuer,nwppl_ab,,,,,,,ETC_non_ETC_including_exempt|National Highway,nhai,,,nwppl,nhit,,2026-06-30,,
nwppl_ab,NWPPL / AB,toll_asset_group,NHIT,All India,National Highway,traffic_pcu,36330.0,PCU,36330.0,PCU,2026-04-01,2026-06-30,fiscal_quarter,actual,ETC_non_ETC_including_exempt,2026-06-30,2026-08-31,nhit_quarterly_operations_finance,https://nhit.co.in/pdf/investor-presentations/Investor%20Presentation%20June%202026.pdf,"PDF p9; printed slide 8, asset chart AB",issuer_disclosure,True,da8176d700cfc2e88e991e2a71e0a78d92d3397a519a7f13b240808a55db65f1,NSPPL FY26 traffic uses ETC only; FY27 includes non-ETC/exempt: these bases cannot support a comparable YoY calculation. FY27 toll revenue includes annual pass compensation.,NWPPL / AB,2026,traffic_pcu,36330.0,issuer_disclosed,issuer,nwppl_ab,,,,,,,ETC_non_ETC_including_exempt|National Highway,nhai,,,nwppl,nhit,,2026-06-30,,
nwppl_ab,NWPPL / AB,toll_asset_group,NHIT,All India,National Highway,toll_revenue_inr_crore,31.0,INR crore,31.0,INR crore,2026-04-01,2026-06-30,fiscal_quarter,actual,ETC_non_ETC_including_exempt,2026-06-30,2026-08-31,nhit_quarterly_operations_finance,https://nhit.co.in/pdf/investor-presentations/Investor%20Presentation%20June%202026.pdf,"PDF p9; printed slide 8, asset chart AB",issuer_disclosure,True,da8176d700cfc2e88e991e2a71e0a78d92d3397a519a7f13b240808a55db65f1,NSPPL FY26 traffic uses ETC only; FY27 includes non-ETC/exempt: these bases cannot support a comparable YoY calculation. FY27 toll revenue includes annual pass compensation.,NWPPL / AB,2026,toll_revenue_inr_crore,31.0,issuer_disclosed,issuer,nwppl_ab,,,,,,,ETC_non_ETC_including_exempt|National Highway,nhai,,,nwppl,nhit,,2026-06-30,,
nwppl_sj,NWPPL / SJ,toll_asset_group,NHIT,All India,National Highway,traffic_pcu,18107.0,PCU,18107.0,PCU,2025-04-01,2025-06-30,fiscal_quarter,actual,ETC_non_ETC_including_exempt,2025-06-30,2026-08-31,nhit_quarterly_operations_finance,https://nhit.co.in/pdf/investor-presentations/Investor%20Presentation%20June%202026.pdf,"PDF p9; printed slide 8, asset chart SJ",issuer_disclosure,True,da8176d700cfc2e88e991e2a71e0a78d92d3397a519a7f13b240808a55db65f1,NSPPL FY26 traffic uses ETC only; FY27 includes non-ETC/exempt: these bases cannot support a comparable YoY calculation. FY27 toll revenue includes annual pass compensation.,NWPPL / SJ,2025,traffic_pcu,18107.0,issuer_disclosed,issuer,nwppl_sj,,,,,,,ETC_non_ETC_including_exempt|National Highway,nhai,,,nwppl,nhit,,2026-06-30,,
nwppl_sj,NWPPL / SJ,toll_asset_group,NHIT,All India,National Highway,toll_revenue_inr_crore,24.0,INR crore,24.0,INR crore,2025-04-01,2025-06-30,fiscal_quarter,actual,ETC_non_ETC_including_exempt,2025-06-30,2026-08-31,nhit_quarterly_operations_finance,https://nhit.co.in/pdf/investor-presentations/Investor%20Presentation%20June%202026.pdf,"PDF p9; printed slide 8, asset chart SJ",issuer_disclosure,True,da8176d700cfc2e88e991e2a71e0a78d92d3397a519a7f13b240808a55db65f1,NSPPL FY26 traffic uses ETC only; FY27 includes non-ETC/exempt: these bases cannot support a comparable YoY calculation. FY27 toll revenue includes annual pass compensation.,NWPPL / SJ,2025,toll_revenue_inr_crore,24.0,issuer_disclosed,issuer,nwppl_sj,,,,,,,ETC_non_ETC_including_exempt|National Highway,nhai,,,nwppl,nhit,,2026-06-30,,
nwppl_sj,NWPPL / SJ,toll_asset_group,NHIT,All India,National Highway,traffic_pcu,18458.0,PCU,18458.0,PCU,2026-04-01,2026-06-30,fiscal_quarter,actual,ETC_non_ETC_including_exempt,2026-06-30,2026-08-31,nhit_quarterly_operations_finance,https://nhit.co.in/pdf/investor-presentations/Investor%20Presentation%20June%202026.pdf,"PDF p9; printed slide 8, asset chart SJ",issuer_disclosure,True,da8176d700cfc2e88e991e2a71e0a78d92d3397a519a7f13b240808a55db65f1,NSPPL FY26 traffic uses ETC only; FY27 includes non-ETC/exempt: these bases cannot support a comparable YoY calculation. FY27 toll revenue includes annual pass compensation.,NWPPL / SJ,2026,traffic_pcu,18458.0,issuer_disclosed,issuer,nwppl_sj,,,,,,,ETC_non_ETC_including_exempt|National Highway,nhai,,,nwppl,nhit,,2026-06-30,,
nwppl_sj,NWPPL / SJ,toll_asset_group,NHIT,All India,National Highway,toll_revenue_inr_crore,25.0,INR crore,25.0,INR crore,2026-04-01,2026-06-30,fiscal_quarter,actual,ETC_non_ETC_including_exempt,2026-06-30,2026-08-31,nhit_quarterly_operations_finance,https://nhit.co.in/pdf/investor-presentations/Investor%20Presentation%20June%202026.pdf,"PDF p9; printed slide 8, asset chart SJ",issuer_disclosure,True,da8176d700cfc2e88e991e2a71e0a78d92d3397a519a7f13b240808a55db65f1,NSPPL FY26 traffic uses ETC only; FY27 includes non-ETC/exempt: these bases cannot support a comparable YoY calculation. FY27 toll revenue includes annual pass compensation.,NWPPL / SJ,2026,toll_revenue_inr_crore,25.0,issuer_disclosed,issuer,nwppl_sj,,,,,,,ETC_non_ETC_including_exempt|National Highway,nhai,,,nwppl,nhit,,2026-06-30,,
neppl_rkjl,NEPPL / RKJL,toll_asset_group,NHIT,All India,National Highway,traffic_pcu,20752.0,PCU,20752.0,PCU,2025-04-01,2025-06-30,fiscal_quarter,actual,ETC_non_ETC_including_exempt,2025-06-30,2026-08-31,nhit_quarterly_operations_finance,https://nhit.co.in/pdf/investor-presentations/Investor%20Presentation%20June%202026.pdf,"PDF p10; printed slide 9, asset chart RKJL",issuer_disclosure,True,da8176d700cfc2e88e991e2a71e0a78d92d3397a519a7f13b240808a55db65f1,NSPPL FY26 traffic uses ETC only; FY27 includes non-ETC/exempt: these bases cannot support a comparable YoY calculation. FY27 toll revenue includes annual pass compensation.,NEPPL / RKJL,2025,traffic_pcu,20752.0,issuer_disclosed,issuer,neppl_rkjl,,,,,,,ETC_non_ETC_including_exempt|National Highway,nhai,,,neppl,nhit,,2026-06-30,,
neppl_rkjl,NEPPL / RKJL,toll_asset_group,NHIT,All India,National Highway,toll_revenue_inr_crore,102.0,INR crore,102.0,INR crore,2025-04-01,2025-06-30,fiscal_quarter,actual,ETC_non_ETC_including_exempt,2025-06-30,2026-08-31,nhit_quarterly_operations_finance,https://nhit.co.in/pdf/investor-presentations/Investor%20Presentation%20June%202026.pdf,"PDF p10; printed slide 9, asset chart RKJL",issuer_disclosure,True,da8176d700cfc2e88e991e2a71e0a78d92d3397a519a7f13b240808a55db65f1,NSPPL FY26 traffic uses ETC only; FY27 includes non-ETC/exempt: these bases cannot support a comparable YoY calculation. FY27 toll revenue includes annual pass compensation.,NEPPL / RKJL,2025,toll_revenue_inr_crore,102.0,issuer_disclosed,issuer,neppl_rkjl,,,,,,,ETC_non_ETC_including_exempt|National Highway,nhai,,,neppl,nhit,,2026-06-30,,
neppl_rkjl,NEPPL / RKJL,toll_asset_group,NHIT,All India,National Highway,traffic_pcu,22763.0,PCU,22763.0,PCU,2026-04-01,2026-06-30,fiscal_quarter,actual,ETC_non_ETC_including_exempt,2026-06-30,2026-08-31,nhit_quarterly_operations_finance,https://nhit.co.in/pdf/investor-presentations/Investor%20Presentation%20June%202026.pdf,"PDF p10; printed slide 9, asset chart RKJL",issuer_disclosure,True,da8176d700cfc2e88e991e2a71e0a78d92d3397a519a7f13b240808a55db65f1,NSPPL FY26 traffic uses ETC only; FY27 includes non-ETC/exempt: these bases cannot support a comparable YoY calculation. FY27 toll revenue includes annual pass compensation.,NEPPL / RKJL,2026,traffic_pcu,22763.0,issuer_disclosed,issuer,neppl_rkjl,,,,,,,ETC_non_ETC_including_exempt|National Highway,nhai,,,neppl,nhit,,2026-06-30,,
neppl_rkjl,NEPPL / RKJL,toll_asset_group,NHIT,All India,National Highway,toll_revenue_inr_crore,123.0,INR crore,123.0,INR crore,2026-04-01,2026-06-30,fiscal_quarter,actual,ETC_non_ETC_including_exempt,2026-06-30,2026-08-31,nhit_quarterly_operations_finance,https://nhit.co.in/pdf/investor-presentations/Investor%20Presentation%20June%202026.pdf,"PDF p10; printed slide 9, asset chart RKJL",issuer_disclosure,True,da8176d700cfc2e88e991e2a71e0a78d92d3397a519a7f13b240808a55db65f1,NSPPL FY26 traffic uses ETC only; FY27 includes non-ETC/exempt: these bases cannot support a comparable YoY calculation. FY27 toll revenue includes annual pass compensation.,NEPPL / RKJL,2026,toll_revenue_inr_crore,123.0,issuer_disclosed,issuer,neppl_rkjl,,,,,,,ETC_non_ETC_including_exempt|National Highway,nhai,,,neppl,nhit,,2026-06-30,,
neppl_lk,NEPPL / LK,toll_asset_group,NHIT,All India,National Highway,traffic_pcu,29858.0,PCU,29858.0,PCU,2025-04-01,2025-06-30,fiscal_quarter,actual,ETC_non_ETC_including_exempt,2025-06-30,2026-08-31,nhit_quarterly_operations_finance,https://nhit.co.in/pdf/investor-presentations/Investor%20Presentation%20June%202026.pdf,"PDF p10; printed slide 9, asset chart LK",issuer_disclosure,True,da8176d700cfc2e88e991e2a71e0a78d92d3397a519a7f13b240808a55db65f1,NSPPL FY26 traffic uses ETC only; FY27 includes non-ETC/exempt: these bases cannot support a comparable YoY calculation. FY27 toll revenue includes annual pass compensation.,NEPPL / LK,2025,traffic_pcu,29858.0,issuer_disclosed,issuer,neppl_lk,,,,,,,ETC_non_ETC_including_exempt|National Highway,nhai,,,neppl,nhit,,2026-06-30,,
neppl_lk,NEPPL / LK,toll_asset_group,NHIT,All India,National Highway,toll_revenue_inr_crore,66.0,INR crore,66.0,INR crore,2025-04-01,2025-06-30,fiscal_quarter,actual,ETC_non_ETC_including_exempt,2025-06-30,2026-08-31,nhit_quarterly_operations_finance,https://nhit.co.in/pdf/investor-presentations/Investor%20Presentation%20June%202026.pdf,"PDF p10; printed slide 9, asset chart LK",issuer_disclosure,True,da8176d700cfc2e88e991e2a71e0a78d92d3397a519a7f13b240808a55db65f1,NSPPL FY26 traffic uses ETC only; FY27 includes non-ETC/exempt: these bases cannot support a comparable YoY calculation. FY27 toll revenue includes annual pass compensation.,NEPPL / LK,2025,toll_revenue_inr_crore,66.0,issuer_disclosed,issuer,neppl_lk,,,,,,,ETC_non_ETC_including_exempt|National Highway,nhai,,,neppl,nhit,,2026-06-30,,
neppl_lk,NEPPL / LK,toll_asset_group,NHIT,All India,National Highway,traffic_pcu,33855.0,PCU,33855.0,PCU,2026-04-01,2026-06-30,fiscal_quarter,actual,ETC_non_ETC_including_exempt,2026-06-30,2026-08-31,nhit_quarterly_operations_finance,https://nhit.co.in/pdf/investor-presentations/Investor%20Presentation%20June%202026.pdf,"PDF p10; printed slide 9, asset chart LK",issuer_disclosure,True,da8176d700cfc2e88e991e2a71e0a78d92d3397a519a7f13b240808a55db65f1,NSPPL FY26 traffic uses ETC only; FY27 includes non-ETC/exempt: these bases cannot support a comparable YoY calculation. FY27 toll revenue includes annual pass compensation.,NEPPL / LK,2026,traffic_pcu,33855.0,issuer_disclosed,issuer,neppl_lk,,,,,,,ETC_non_ETC_including_exempt|National Highway,nhai,,,neppl,nhit,,2026-06-30,,
neppl_lk,NEPPL / LK,toll_asset_group,NHIT,All India,National Highway,toll_revenue_inr_crore,77.0,INR crore,77.0,INR crore,2026-04-01,2026-06-30,fiscal_quarter,actual,ETC_non_ETC_including_exempt,2026-06-30,2026-08-31,nhit_quarterly_operations_finance,https://nhit.co.in/pdf/investor-presentations/Investor%20Presentation%20June%202026.pdf,"PDF p10; printed slide 9, asset chart LK",issuer_disclosure,True,da8176d700cfc2e88e991e2a71e0a78d92d3397a519a7f13b240808a55db65f1,NSPPL FY26 traffic uses ETC only; FY27 includes non-ETC/exempt: these bases cannot support a comparable YoY calculation. FY27 toll revenue includes annual pass compensation.,NEPPL / LK,2026,toll_revenue_inr_crore,77.0,issuer_disclosed,issuer,neppl_lk,,,,,,,ETC_non_ETC_including_exempt|National Highway,nhai,,,neppl,nhit,,2026-06-30,,
neppl_ob,NEPPL / OB,toll_asset_group,NHIT,All India,National Highway,traffic_pcu,31302.0,PCU,31302.0,PCU,2025-04-01,2025-06-30,fiscal_quarter,actual,ETC_non_ETC_including_exempt,2025-06-30,2026-08-31,nhit_quarterly_operations_finance,https://nhit.co.in/pdf/investor-presentations/Investor%20Presentation%20June%202026.pdf,"PDF p10; printed slide 9, asset chart OB",issuer_disclosure,True,da8176d700cfc2e88e991e2a71e0a78d92d3397a519a7f13b240808a55db65f1,NSPPL FY26 traffic uses ETC only; FY27 includes non-ETC/exempt: these bases cannot support a comparable YoY calculation. FY27 toll revenue includes annual pass compensation.,NEPPL / OB,2025,traffic_pcu,31302.0,issuer_disclosed,issuer,neppl_ob,,,,,,,ETC_non_ETC_including_exempt|National Highway,nhai,,,neppl,nhit,,2026-06-30,,
neppl_ob,NEPPL / OB,toll_asset_group,NHIT,All India,National Highway,toll_revenue_inr_crore,32.0,INR crore,32.0,INR crore,2025-04-01,2025-06-30,fiscal_quarter,actual,ETC_non_ETC_including_exempt,2025-06-30,2026-08-31,nhit_quarterly_operations_finance,https://nhit.co.in/pdf/investor-presentations/Investor%20Presentation%20June%202026.pdf,"PDF p10; printed slide 9, asset chart OB",issuer_disclosure,True,da8176d700cfc2e88e991e2a71e0a78d92d3397a519a7f13b240808a55db65f1,NSPPL FY26 traffic uses ETC only; FY27 includes non-ETC/exempt: these bases cannot support a comparable YoY calculation. FY27 toll revenue includes annual pass compensation.,NEPPL / OB,2025,toll_revenue_inr_crore,32.0,issuer_disclosed,issuer,neppl_ob,,,,,,,ETC_non_ETC_including_exempt|National Highway,nhai,,,neppl,nhit,,2026-06-30,,
neppl_ob,NEPPL / OB,toll_asset_group,NHIT,All India,National Highway,traffic_pcu,31966.0,PCU,31966.0,PCU,2026-04-01,2026-06-30,fiscal_quarter,actual,ETC_non_ETC_including_exempt,2026-06-30,2026-08-31,nhit_quarterly_operations_finance,https://nhit.co.in/pdf/investor-presentations/Investor%20Presentation%20June%202026.pdf,"PDF p10; printed slide 9, asset chart OB",issuer_disclosure,True,da8176d700cfc2e88e991e2a71e0a78d92d3397a519a7f13b240808a55db65f1,NSPPL FY26 traffic uses ETC only; FY27 includes non-ETC/exempt: these bases cannot support a comparable YoY calculation. FY27 toll revenue includes annual pass compensation.,NEPPL / OB,2026,traffic_pcu,31966.0,issuer_disclosed,issuer,neppl_ob,,,,,,,ETC_non_ETC_including_exempt|National Highway,nhai,,,neppl,nhit,,2026-06-30,,
neppl_ob,NEPPL / OB,toll_asset_group,NHIT,All India,National Highway,toll_revenue_inr_crore,33.0,INR crore,33.0,INR crore,2026-04-01,2026-06-30,fiscal_quarter,actual,ETC_non_ETC_including_exempt,2026-06-30,2026-08-31,nhit_quarterly_operations_finance,https://nhit.co.in/pdf/investor-presentations/Investor%20Presentation%20June%202026.pdf,"PDF p10; printed slide 9, asset chart OB",issuer_disclosure,True,da8176d700cfc2e88e991e2a71e0a78d92d3397a519a7f13b240808a55db65f1,NSPPL FY26 traffic uses ETC only; FY27 includes non-ETC/exempt: these bases cannot support a comparable YoY calculation. FY27 toll revenue includes annual pass compensation.,NEPPL / OB,2026,toll_revenue_inr_crore,33.0,issuer_disclosed,issuer,neppl_ob,,,,,,,ETC_non_ETC_including_exempt|National Highway,nhai,,,neppl,nhit,,2026-06-30,,
neppl_hhc,NEPPL / HHC,toll_asset_group,NHIT,All India,National Highway,traffic_pcu,26849.0,PCU,26849.0,PCU,2025-04-01,2025-06-30,fiscal_quarter,actual,ETC_non_ETC_including_exempt,2025-06-30,2026-08-31,nhit_quarterly_operations_finance,https://nhit.co.in/pdf/investor-presentations/Investor%20Presentation%20June%202026.pdf,"PDF p10; printed slide 9, asset chart HHC",issuer_disclosure,True,da8176d700cfc2e88e991e2a71e0a78d92d3397a519a7f13b240808a55db65f1,NSPPL FY26 traffic uses ETC only; FY27 includes non-ETC/exempt: these bases cannot support a comparable YoY calculation. FY27 toll revenue includes annual pass compensation.,NEPPL / HHC,2025,traffic_pcu,26849.0,issuer_disclosed,issuer,neppl_hhc,,,,,,,ETC_non_ETC_including_exempt|National Highway,nhai,,,neppl,nhit,,2026-06-30,,
neppl_hhc,NEPPL / HHC,toll_asset_group,NHIT,All India,National Highway,toll_revenue_inr_crore,90.0,INR crore,90.0,INR crore,2025-04-01,2025-06-30,fiscal_quarter,actual,ETC_non_ETC_including_exempt,2025-06-30,2026-08-31,nhit_quarterly_operations_finance,https://nhit.co.in/pdf/investor-presentations/Investor%20Presentation%20June%202026.pdf,"PDF p10; printed slide 9, asset chart HHC",issuer_disclosure,True,da8176d700cfc2e88e991e2a71e0a78d92d3397a519a7f13b240808a55db65f1,NSPPL FY26 traffic uses ETC only; FY27 includes non-ETC/exempt: these bases cannot support a comparable YoY calculation. FY27 toll revenue includes annual pass compensation.,NEPPL / HHC,2025,toll_revenue_inr_crore,90.0,issuer_disclosed,issuer,neppl_hhc,,,,,,,ETC_non_ETC_including_exempt|National Highway,nhai,,,neppl,nhit,,2026-06-30,,
neppl_hhc,NEPPL / HHC,toll_asset_group,NHIT,All India,National Highway,traffic_pcu,30264.0,PCU,30264.0,PCU,2026-04-01,2026-06-30,fiscal_quarter,actual,ETC_non_ETC_including_exempt,2026-06-30,2026-08-31,nhit_quarterly_operations_finance,https://nhit.co.in/pdf/investor-presentations/Investor%20Presentation%20June%202026.pdf,"PDF p10; printed slide 9, asset chart HHC",issuer_disclosure,True,da8176d700cfc2e88e991e2a71e0a78d92d3397a519a7f13b240808a55db65f1,NSPPL FY26 traffic uses ETC only; FY27 includes non-ETC/exempt: these bases cannot support a comparable YoY calculation. FY27 toll revenue includes annual pass compensation.,NEPPL / HHC,2026,traffic_pcu,30264.0,issuer_disclosed,issuer,neppl_hhc,,,,,,,ETC_non_ETC_including_exempt|National Highway,nhai,,,neppl,nhit,,2026-06-30,,
neppl_hhc,NEPPL / HHC,toll_asset_group,NHIT,All India,National Highway,toll_revenue_inr_crore,104.0,INR crore,104.0,INR crore,2026-04-01,2026-06-30,fiscal_quarter,actual,ETC_non_ETC_including_exempt,2026-06-30,2026-08-31,nhit_quarterly_operations_finance,https://nhit.co.in/pdf/investor-presentations/Investor%20Presentation%20June%202026.pdf,"PDF p10; printed slide 9, asset chart HHC",issuer_disclosure,True,da8176d700cfc2e88e991e2a71e0a78d92d3397a519a7f13b240808a55db65f1,NSPPL FY26 traffic uses ETC only; FY27 includes non-ETC/exempt: these bases cannot support a comparable YoY calculation. FY27 toll revenue includes annual pass compensation.,NEPPL / HHC,2026,toll_revenue_inr_crore,104.0,issuer_disclosed,issuer,neppl_hhc,,,,,,,ETC_non_ETC_including_exempt|National Highway,nhai,,,neppl,nhit,,2026-06-30,,
neppl_chk,NEPPL / ChK,toll_asset_group,NHIT,All India,National Highway,traffic_pcu,26072.0,PCU,26072.0,PCU,2025-04-01,2025-06-30,fiscal_quarter,actual,ETC_non_ETC_including_exempt,2025-06-30,2026-08-31,nhit_quarterly_operations_finance,https://nhit.co.in/pdf/investor-presentations/Investor%20Presentation%20June%202026.pdf,"PDF p10; printed slide 9, asset chart ChK",issuer_disclosure,True,da8176d700cfc2e88e991e2a71e0a78d92d3397a519a7f13b240808a55db65f1,NSPPL FY26 traffic uses ETC only; FY27 includes non-ETC/exempt: these bases cannot support a comparable YoY calculation. FY27 toll revenue includes annual pass compensation.,NEPPL / ChK,2025,traffic_pcu,26072.0,issuer_disclosed,issuer,neppl_chk,,,,,,,ETC_non_ETC_including_exempt|National Highway,nhai,,,neppl,nhit,,2026-06-30,,
neppl_chk,NEPPL / ChK,toll_asset_group,NHIT,All India,National Highway,toll_revenue_inr_crore,23.0,INR crore,23.0,INR crore,2025-04-01,2025-06-30,fiscal_quarter,actual,ETC_non_ETC_including_exempt,2025-06-30,2026-08-31,nhit_quarterly_operations_finance,https://nhit.co.in/pdf/investor-presentations/Investor%20Presentation%20June%202026.pdf,"PDF p10; printed slide 9, asset chart ChK",issuer_disclosure,True,da8176d700cfc2e88e991e2a71e0a78d92d3397a519a7f13b240808a55db65f1,NSPPL FY26 traffic uses ETC only; FY27 includes non-ETC/exempt: these bases cannot support a comparable YoY calculation. FY27 toll revenue includes annual pass compensation.,NEPPL / ChK,2025,toll_revenue_inr_crore,23.0,issuer_disclosed,issuer,neppl_chk,,,,,,,ETC_non_ETC_including_exempt|National Highway,nhai,,,neppl,nhit,,2026-06-30,,
neppl_chk,NEPPL / ChK,toll_asset_group,NHIT,All India,National Highway,traffic_pcu,29988.0,PCU,29988.0,PCU,2026-04-01,2026-06-30,fiscal_quarter,actual,ETC_non_ETC_including_exempt,2026-06-30,2026-08-31,nhit_quarterly_operations_finance,https://nhit.co.in/pdf/investor-presentations/Investor%20Presentation%20June%202026.pdf,"PDF p10; printed slide 9, asset chart ChK",issuer_disclosure,True,da8176d700cfc2e88e991e2a71e0a78d92d3397a519a7f13b240808a55db65f1,NSPPL FY26 traffic uses ETC only; FY27 includes non-ETC/exempt: these bases cannot support a comparable YoY calculation. FY27 toll revenue includes annual pass compensation.,NEPPL / ChK,2026,traffic_pcu,29988.0,issuer_disclosed,issuer,neppl_chk,,,,,,,ETC_non_ETC_including_exempt|National Highway,nhai,,,neppl,nhit,,2026-06-30,,
neppl_chk,NEPPL / ChK,toll_asset_group,NHIT,All India,National Highway,toll_revenue_inr_crore,27.0,INR crore,27.0,INR crore,2026-04-01,2026-06-30,fiscal_quarter,actual,ETC_non_ETC_including_exempt,2026-06-30,2026-08-31,nhit_quarterly_operations_finance,https://nhit.co.in/pdf/investor-presentations/Investor%20Presentation%20June%202026.pdf,"PDF p10; printed slide 9, asset chart ChK",issuer_disclosure,True,da8176d700cfc2e88e991e2a71e0a78d92d3397a519a7f13b240808a55db65f1,NSPPL FY26 traffic uses ETC only; FY27 includes non-ETC/exempt: these bases cannot support a comparable YoY calculation. FY27 toll revenue includes annual pass compensation.,NEPPL / ChK,2026,toll_revenue_inr_crore,27.0,issuer_disclosed,issuer,neppl_chk,,,,,,,ETC_non_ETC_including_exempt|National Highway,nhai,,,neppl,nhit,,2026-06-30,,
neppl_asp,NEPPL / ASP,toll_asset_group,NHIT,All India,National Highway,traffic_pcu,20477.0,PCU,20477.0,PCU,2025-04-01,2025-06-30,fiscal_quarter,actual,ETC_non_ETC_including_exempt,2025-06-30,2026-08-31,nhit_quarterly_operations_finance,https://nhit.co.in/pdf/investor-presentations/Investor%20Presentation%20June%202026.pdf,"PDF p10; printed slide 9, asset chart ASP",issuer_disclosure,True,da8176d700cfc2e88e991e2a71e0a78d92d3397a519a7f13b240808a55db65f1,NSPPL FY26 traffic uses ETC only; FY27 includes non-ETC/exempt: these bases cannot support a comparable YoY calculation. FY27 toll revenue includes annual pass compensation.,NEPPL / ASP,2025,traffic_pcu,20477.0,issuer_disclosed,issuer,neppl_asp,,,,,,,ETC_non_ETC_including_exempt|National Highway,nhai,,,neppl,nhit,,2026-06-30,,
neppl_asp,NEPPL / ASP,toll_asset_group,NHIT,All India,National Highway,toll_revenue_inr_crore,49.0,INR crore,49.0,INR crore,2025-04-01,2025-06-30,fiscal_quarter,actual,ETC_non_ETC_including_exempt,2025-06-30,2026-08-31,nhit_quarterly_operations_finance,https://nhit.co.in/pdf/investor-presentations/Investor%20Presentation%20June%202026.pdf,"PDF p10; printed slide 9, asset chart ASP",issuer_disclosure,True,da8176d700cfc2e88e991e2a71e0a78d92d3397a519a7f13b240808a55db65f1,NSPPL FY26 traffic uses ETC only; FY27 includes non-ETC/exempt: these bases cannot support a comparable YoY calculation. FY27 toll revenue includes annual pass compensation.,NEPPL / ASP,2025,toll_revenue_inr_crore,49.0,issuer_disclosed,issuer,neppl_asp,,,,,,,ETC_non_ETC_including_exempt|National Highway,nhai,,,neppl,nhit,,2026-06-30,,
neppl_asp,NEPPL / ASP,toll_asset_group,NHIT,All India,National Highway,traffic_pcu,22523.0,PCU,22523.0,PCU,2026-04-01,2026-06-30,fiscal_quarter,actual,ETC_non_ETC_including_exempt,2026-06-30,2026-08-31,nhit_quarterly_operations_finance,https://nhit.co.in/pdf/investor-presentations/Investor%20Presentation%20June%202026.pdf,"PDF p10; printed slide 9, asset chart ASP",issuer_disclosure,True,da8176d700cfc2e88e991e2a71e0a78d92d3397a519a7f13b240808a55db65f1,NSPPL FY26 traffic uses ETC only; FY27 includes non-ETC/exempt: these bases cannot support a comparable YoY calculation. FY27 toll revenue includes annual pass compensation.,NEPPL / ASP,2026,traffic_pcu,22523.0,issuer_disclosed,issuer,neppl_asp,,,,,,,ETC_non_ETC_including_exempt|National Highway,nhai,,,neppl,nhit,,2026-06-30,,
neppl_asp,NEPPL / ASP,toll_asset_group,NHIT,All India,National Highway,toll_revenue_inr_crore,54.0,INR crore,54.0,INR crore,2026-04-01,2026-06-30,fiscal_quarter,actual,ETC_non_ETC_including_exempt,2026-06-30,2026-08-31,nhit_quarterly_operations_finance,https://nhit.co.in/pdf/investor-presentations/Investor%20Presentation%20June%202026.pdf,"PDF p10; printed slide 9, asset chart ASP",issuer_disclosure,True,da8176d700cfc2e88e991e2a71e0a78d92d3397a519a7f13b240808a55db65f1,NSPPL FY26 traffic uses ETC only; FY27 includes non-ETC/exempt: these bases cannot support a comparable YoY calculation. FY27 toll revenue includes annual pass compensation.,NEPPL / ASP,2026,toll_revenue_inr_crore,54.0,issuer_disclosed,issuer,neppl_asp,,,,,,,ETC_non_ETC_including_exempt|National Highway,nhai,,,neppl,nhit,,2026-06-30,,
nsppl_rsb,NSPPL / RSB,toll_asset_group,NHIT,All India,National Highway,traffic_pcu,24744.0,PCU,24744.0,PCU,2025-04-01,2025-06-30,fiscal_quarter,actual,IHMCL_ETC_only,2025-06-30,2026-08-31,nhit_quarterly_operations_finance,https://nhit.co.in/pdf/investor-presentations/Investor%20Presentation%20June%202026.pdf,"PDF p11; printed slide 10, asset chart RSB",issuer_disclosure,True,da8176d700cfc2e88e991e2a71e0a78d92d3397a519a7f13b240808a55db65f1,NSPPL FY26 traffic uses ETC only; FY27 includes non-ETC/exempt: these bases cannot support a comparable YoY calculation. FY27 toll revenue includes annual pass compensation.,NSPPL / RSB,2025,traffic_pcu,24744.0,issuer_disclosed,issuer,nsppl_rsb,,,,,,,IHMCL_ETC_only|National Highway,nhai,,,nsppl,nhit,,2026-06-30,,
nsppl_rsb,NSPPL / RSB,toll_asset_group,NHIT,All India,National Highway,toll_revenue_inr_crore,61.0,INR crore,61.0,INR crore,2025-04-01,2025-06-30,fiscal_quarter,actual,IHMCL_ETC_only,2025-06-30,2026-08-31,nhit_quarterly_operations_finance,https://nhit.co.in/pdf/investor-presentations/Investor%20Presentation%20June%202026.pdf,"PDF p11; printed slide 10, asset chart RSB",issuer_disclosure,True,da8176d700cfc2e88e991e2a71e0a78d92d3397a519a7f13b240808a55db65f1,NSPPL FY26 traffic uses ETC only; FY27 includes non-ETC/exempt: these bases cannot support a comparable YoY calculation. FY27 toll revenue includes annual pass compensation.,NSPPL / RSB,2025,toll_revenue_inr_crore,61.0,issuer_disclosed,issuer,nsppl_rsb,,,,,,,IHMCL_ETC_only|National Highway,nhai,,,nsppl,nhit,,2026-06-30,,
nsppl_rsb,NSPPL / RSB,toll_asset_group,NHIT,All India,National Highway,traffic_pcu,28344.0,PCU,28344.0,PCU,2026-04-01,2026-06-30,fiscal_quarter,actual,ETC_non_ETC_including_exempt,2026-06-30,2026-08-31,nhit_quarterly_operations_finance,https://nhit.co.in/pdf/investor-presentations/Investor%20Presentation%20June%202026.pdf,"PDF p11; printed slide 10, asset chart RSB",issuer_disclosure,True,da8176d700cfc2e88e991e2a71e0a78d92d3397a519a7f13b240808a55db65f1,NSPPL FY26 traffic uses ETC only; FY27 includes non-ETC/exempt: these bases cannot support a comparable YoY calculation. FY27 toll revenue includes annual pass compensation.,NSPPL / RSB,2026,traffic_pcu,28344.0,issuer_disclosed,issuer,nsppl_rsb,,,,,,,ETC_non_ETC_including_exempt|National Highway,nhai,,,nsppl,nhit,,2026-06-30,,
nsppl_rsb,NSPPL / RSB,toll_asset_group,NHIT,All India,National Highway,toll_revenue_inr_crore,69.0,INR crore,69.0,INR crore,2026-04-01,2026-06-30,fiscal_quarter,actual,ETC_non_ETC_including_exempt,2026-06-30,2026-08-31,nhit_quarterly_operations_finance,https://nhit.co.in/pdf/investor-presentations/Investor%20Presentation%20June%202026.pdf,"PDF p11; printed slide 10, asset chart RSB",issuer_disclosure,True,da8176d700cfc2e88e991e2a71e0a78d92d3397a519a7f13b240808a55db65f1,NSPPL FY26 traffic uses ETC only; FY27 includes non-ETC/exempt: these bases cannot support a comparable YoY calculation. FY27 toll revenue includes annual pass compensation.,NSPPL / RSB,2026,toll_revenue_inr_crore,69.0,issuer_disclosed,issuer,nsppl_rsb,,,,,,,ETC_non_ETC_including_exempt|National Highway,nhai,,,nsppl,nhit,,2026-06-30,,
nsppl_mh,NSPPL / MH,toll_asset_group,NHIT,All India,National Highway,traffic_pcu,37801.0,PCU,37801.0,PCU,2025-04-01,2025-06-30,fiscal_quarter,actual,IHMCL_ETC_only,2025-06-30,2026-08-31,nhit_quarterly_operations_finance,https://nhit.co.in/pdf/investor-presentations/Investor%20Presentation%20June%202026.pdf,"PDF p11; printed slide 10, asset chart MH",issuer_disclosure,True,da8176d700cfc2e88e991e2a71e0a78d92d3397a519a7f13b240808a55db65f1,NSPPL FY26 traffic uses ETC only; FY27 includes non-ETC/exempt: these bases cannot support a comparable YoY calculation. FY27 toll revenue includes annual pass compensation.,NSPPL / MH,2025,traffic_pcu,37801.0,issuer_disclosed,issuer,nsppl_mh,,,,,,,IHMCL_ETC_only|National Highway,nhai,,,nsppl,nhit,,2026-06-30,,
nsppl_mh,NSPPL / MH,toll_asset_group,NHIT,All India,National Highway,toll_revenue_inr_crore,58.0,INR crore,58.0,INR crore,2025-04-01,2025-06-30,fiscal_quarter,actual,IHMCL_ETC_only,2025-06-30,2026-08-31,nhit_quarterly_operations_finance,https://nhit.co.in/pdf/investor-presentations/Investor%20Presentation%20June%202026.pdf,"PDF p11; printed slide 10, asset chart MH",issuer_disclosure,True,da8176d700cfc2e88e991e2a71e0a78d92d3397a519a7f13b240808a55db65f1,NSPPL FY26 traffic uses ETC only; FY27 includes non-ETC/exempt: these bases cannot support a comparable YoY calculation. FY27 toll revenue includes annual pass compensation.,NSPPL / MH,2025,toll_revenue_inr_crore,58.0,issuer_disclosed,issuer,nsppl_mh,,,,,,,IHMCL_ETC_only|National Highway,nhai,,,nsppl,nhit,,2026-06-30,,
nsppl_mh,NSPPL / MH,toll_asset_group,NHIT,All India,National Highway,traffic_pcu,51794.0,PCU,51794.0,PCU,2026-04-01,2026-06-30,fiscal_quarter,actual,ETC_non_ETC_including_exempt,2026-06-30,2026-08-31,nhit_quarterly_operations_finance,https://nhit.co.in/pdf/investor-presentations/Investor%20Presentation%20June%202026.pdf,"PDF p11; printed slide 10, asset chart MH",issuer_disclosure,True,da8176d700cfc2e88e991e2a71e0a78d92d3397a519a7f13b240808a55db65f1,NSPPL FY26 traffic uses ETC only; FY27 includes non-ETC/exempt: these bases cannot support a comparable YoY calculation. FY27 toll revenue includes annual pass compensation.,NSPPL / MH,2026,traffic_pcu,51794.0,issuer_disclosed,issuer,nsppl_mh,,,,,,,ETC_non_ETC_including_exempt|National Highway,nhai,,,nsppl,nhit,,2026-06-30,,
nsppl_mh,NSPPL / MH,toll_asset_group,NHIT,All India,National Highway,toll_revenue_inr_crore,69.0,INR crore,69.0,INR crore,2026-04-01,2026-06-30,fiscal_quarter,actual,ETC_non_ETC_including_exempt,2026-06-30,2026-08-31,nhit_quarterly_operations_finance,https://nhit.co.in/pdf/investor-presentations/Investor%20Presentation%20June%202026.pdf,"PDF p11; printed slide 10, asset chart MH",issuer_disclosure,True,da8176d700cfc2e88e991e2a71e0a78d92d3397a519a7f13b240808a55db65f1,NSPPL FY26 traffic uses ETC only; FY27 includes non-ETC/exempt: these bases cannot support a comparable YoY calculation. FY27 toll revenue includes annual pass compensation.,NSPPL / MH,2026,toll_revenue_inr_crore,69.0,issuer_disclosed,issuer,nsppl_mh,,,,,,,ETC_non_ETC_including_exempt|National Highway,nhai,,,nsppl,nhit,,2026-06-30,,
nsppl_an,NSPPL / AN,toll_asset_group,NHIT,All India,National Highway,traffic_pcu,32973.0,PCU,32973.0,PCU,2025-04-01,2025-06-30,fiscal_quarter,actual,IHMCL_ETC_only,2025-06-30,2026-08-31,nhit_quarterly_operations_finance,https://nhit.co.in/pdf/investor-presentations/Investor%20Presentation%20June%202026.pdf,"PDF p11; printed slide 10, asset chart AN",issuer_disclosure,True,da8176d700cfc2e88e991e2a71e0a78d92d3397a519a7f13b240808a55db65f1,NSPPL FY26 traffic uses ETC only; FY27 includes non-ETC/exempt: these bases cannot support a comparable YoY calculation. FY27 toll revenue includes annual pass compensation.,NSPPL / AN,2025,traffic_pcu,32973.0,issuer_disclosed,issuer,nsppl_an,,,,,,,IHMCL_ETC_only|National Highway,nhai,,,nsppl,nhit,,2026-06-30,,
nsppl_an,NSPPL / AN,toll_asset_group,NHIT,All India,National Highway,toll_revenue_inr_crore,65.0,INR crore,65.0,INR crore,2025-04-01,2025-06-30,fiscal_quarter,actual,IHMCL_ETC_only,2025-06-30,2026-08-31,nhit_quarterly_operations_finance,https://nhit.co.in/pdf/investor-presentations/Investor%20Presentation%20June%202026.pdf,"PDF p11; printed slide 10, asset chart AN",issuer_disclosure,True,da8176d700cfc2e88e991e2a71e0a78d92d3397a519a7f13b240808a55db65f1,NSPPL FY26 traffic uses ETC only; FY27 includes non-ETC/exempt: these bases cannot support a comparable YoY calculation. FY27 toll revenue includes annual pass compensation.,NSPPL / AN,2025,toll_revenue_inr_crore,65.0,issuer_disclosed,issuer,nsppl_an,,,,,,,IHMCL_ETC_only|National Highway,nhai,,,nsppl,nhit,,2026-06-30,,
nsppl_an,NSPPL / AN,toll_asset_group,NHIT,All India,National Highway,traffic_pcu,36294.0,PCU,36294.0,PCU,2026-04-01,2026-06-30,fiscal_quarter,actual,ETC_non_ETC_including_exempt,2026-06-30,2026-08-31,nhit_quarterly_operations_finance,https://nhit.co.in/pdf/investor-presentations/Investor%20Presentation%20June%202026.pdf,"PDF p11; printed slide 10, asset chart AN",issuer_disclosure,True,da8176d700cfc2e88e991e2a71e0a78d92d3397a519a7f13b240808a55db65f1,NSPPL FY26 traffic uses ETC only; FY27 includes non-ETC/exempt: these bases cannot support a comparable YoY calculation. FY27 toll revenue includes annual pass compensation.,NSPPL / AN,2026,traffic_pcu,36294.0,issuer_disclosed,issuer,nsppl_an,,,,,,,ETC_non_ETC_including_exempt|National Highway,nhai,,,nsppl,nhit,,2026-06-30,,
nsppl_an,NSPPL / AN,toll_asset_group,NHIT,All India,National Highway,toll_revenue_inr_crore,73.0,INR crore,73.0,INR crore,2026-04-01,2026-06-30,fiscal_quarter,actual,ETC_non_ETC_including_exempt,2026-06-30,2026-08-31,nhit_quarterly_operations_finance,https://nhit.co.in/pdf/investor-presentations/Investor%20Presentation%20June%202026.pdf,"PDF p11; printed slide 10, asset chart AN",issuer_disclosure,True,da8176d700cfc2e88e991e2a71e0a78d92d3397a519a7f13b240808a55db65f1,NSPPL FY26 traffic uses ETC only; FY27 includes non-ETC/exempt: these bases cannot support a comparable YoY calculation. FY27 toll revenue includes annual pass compensation.,NSPPL / AN,2026,toll_revenue_inr_crore,73.0,issuer_disclosed,issuer,nsppl_an,,,,,,,ETC_non_ETC_including_exempt|National Highway,nhai,,,nsppl,nhit,,2026-06-30,,
nsppl_vizby,NSPPL / VIZBY,toll_asset_group,NHIT,All India,National Highway,traffic_pcu,27306.0,PCU,27306.0,PCU,2025-04-01,2025-06-30,fiscal_quarter,actual,IHMCL_ETC_only,2025-06-30,2026-08-31,nhit_quarterly_operations_finance,https://nhit.co.in/pdf/investor-presentations/Investor%20Presentation%20June%202026.pdf,"PDF p11; printed slide 10, asset chart VIZBY",issuer_disclosure,True,da8176d700cfc2e88e991e2a71e0a78d92d3397a519a7f13b240808a55db65f1,NSPPL FY26 traffic uses ETC only; FY27 includes non-ETC/exempt: these bases cannot support a comparable YoY calculation. FY27 toll revenue includes annual pass compensation.,NSPPL / VIZBY,2025,traffic_pcu,27306.0,issuer_disclosed,issuer,nsppl_vizby,,,,,,,IHMCL_ETC_only|National Highway,nhai,,,nsppl,nhit,,2026-06-30,,
nsppl_vizby,NSPPL / VIZBY,toll_asset_group,NHIT,All India,National Highway,toll_revenue_inr_crore,25.0,INR crore,25.0,INR crore,2025-04-01,2025-06-30,fiscal_quarter,actual,IHMCL_ETC_only,2025-06-30,2026-08-31,nhit_quarterly_operations_finance,https://nhit.co.in/pdf/investor-presentations/Investor%20Presentation%20June%202026.pdf,"PDF p11; printed slide 10, asset chart VIZBY",issuer_disclosure,True,da8176d700cfc2e88e991e2a71e0a78d92d3397a519a7f13b240808a55db65f1,NSPPL FY26 traffic uses ETC only; FY27 includes non-ETC/exempt: these bases cannot support a comparable YoY calculation. FY27 toll revenue includes annual pass compensation.,NSPPL / VIZBY,2025,toll_revenue_inr_crore,25.0,issuer_disclosed,issuer,nsppl_vizby,,,,,,,IHMCL_ETC_only|National Highway,nhai,,,nsppl,nhit,,2026-06-30,,
nsppl_vizby,NSPPL / VIZBY,toll_asset_group,NHIT,All India,National Highway,traffic_pcu,30924.0,PCU,30924.0,PCU,2026-04-01,2026-06-30,fiscal_quarter,actual,ETC_non_ETC_including_exempt,2026-06-30,2026-08-31,nhit_quarterly_operations_finance,https://nhit.co.in/pdf/investor-presentations/Investor%20Presentation%20June%202026.pdf,"PDF p11; printed slide 10, asset chart VIZBY",issuer_disclosure,True,da8176d700cfc2e88e991e2a71e0a78d92d3397a519a7f13b240808a55db65f1,NSPPL FY26 traffic uses ETC only; FY27 includes non-ETC/exempt: these bases cannot support a comparable YoY calculation. FY27 toll revenue includes annual pass compensation.,NSPPL / VIZBY,2026,traffic_pcu,30924.0,issuer_disclosed,issuer,nsppl_vizby,,,,,,,ETC_non_ETC_including_exempt|National Highway,nhai,,,nsppl,nhit,,2026-06-30,,
nsppl_vizby,NSPPL / VIZBY,toll_asset_group,NHIT,All India,National Highway,toll_revenue_inr_crore,29.0,INR crore,29.0,INR crore,2026-04-01,2026-06-30,fiscal_quarter,actual,ETC_non_ETC_including_exempt,2026-06-30,2026-08-31,nhit_quarterly_operations_finance,https://nhit.co.in/pdf/investor-presentations/Investor%20Presentation%20June%202026.pdf,"PDF p11; printed slide 10, asset chart VIZBY",issuer_disclosure,True,da8176d700cfc2e88e991e2a71e0a78d92d3397a519a7f13b240808a55db65f1,NSPPL FY26 traffic uses ETC only; FY27 includes non-ETC/exempt: these bases cannot support a comparable YoY calculation. FY27 toll revenue includes annual pass compensation.,NSPPL / VIZBY,2026,toll_revenue_inr_crore,29.0,issuer_disclosed,issuer,nsppl_vizby,,,,,,,ETC_non_ETC_including_exempt|National Highway,nhai,,,nsppl,nhit,,2026-06-30,,
nsppl_gdk,NSPPL / GDK,toll_asset_group,NHIT,All India,National Highway,traffic_pcu,30295.0,PCU,30295.0,PCU,2025-04-01,2025-06-30,fiscal_quarter,actual,IHMCL_ETC_only,2025-06-30,2026-08-31,nhit_quarterly_operations_finance,https://nhit.co.in/pdf/investor-presentations/Investor%20Presentation%20June%202026.pdf,"PDF p11; printed slide 10, asset chart GDK",issuer_disclosure,True,da8176d700cfc2e88e991e2a71e0a78d92d3397a519a7f13b240808a55db65f1,NSPPL FY26 traffic uses ETC only; FY27 includes non-ETC/exempt: these bases cannot support a comparable YoY calculation. FY27 toll revenue includes annual pass compensation.,NSPPL / GDK,2025,traffic_pcu,30295.0,issuer_disclosed,issuer,nsppl_gdk,,,,,,,IHMCL_ETC_only|National Highway,nhai,,,nsppl,nhit,,2026-06-30,,
nsppl_gdk,NSPPL / GDK,toll_asset_group,NHIT,All India,National Highway,toll_revenue_inr_crore,46.0,INR crore,46.0,INR crore,2025-04-01,2025-06-30,fiscal_quarter,actual,IHMCL_ETC_only,2025-06-30,2026-08-31,nhit_quarterly_operations_finance,https://nhit.co.in/pdf/investor-presentations/Investor%20Presentation%20June%202026.pdf,"PDF p11; printed slide 10, asset chart GDK",issuer_disclosure,True,da8176d700cfc2e88e991e2a71e0a78d92d3397a519a7f13b240808a55db65f1,NSPPL FY26 traffic uses ETC only; FY27 includes non-ETC/exempt: these bases cannot support a comparable YoY calculation. FY27 toll revenue includes annual pass compensation.,NSPPL / GDK,2025,toll_revenue_inr_crore,46.0,issuer_disclosed,issuer,nsppl_gdk,,,,,,,IHMCL_ETC_only|National Highway,nhai,,,nsppl,nhit,,2026-06-30,,
nsppl_gdk,NSPPL / GDK,toll_asset_group,NHIT,All India,National Highway,traffic_pcu,33962.0,PCU,33962.0,PCU,2026-04-01,2026-06-30,fiscal_quarter,actual,ETC_non_ETC_including_exempt,2026-06-30,2026-08-31,nhit_quarterly_operations_finance,https://nhit.co.in/pdf/investor-presentations/Investor%20Presentation%20June%202026.pdf,"PDF p11; printed slide 10, asset chart GDK",issuer_disclosure,True,da8176d700cfc2e88e991e2a71e0a78d92d3397a519a7f13b240808a55db65f1,NSPPL FY26 traffic uses ETC only; FY27 includes non-ETC/exempt: these bases cannot support a comparable YoY calculation. FY27 toll revenue includes annual pass compensation.,NSPPL / GDK,2026,traffic_pcu,33962.0,issuer_disclosed,issuer,nsppl_gdk,,,,,,,ETC_non_ETC_including_exempt|National Highway,nhai,,,nsppl,nhit,,2026-06-30,,
nsppl_gdk,NSPPL / GDK,toll_asset_group,NHIT,All India,National Highway,toll_revenue_inr_crore,52.0,INR crore,52.0,INR crore,2026-04-01,2026-06-30,fiscal_quarter,actual,ETC_non_ETC_including_exempt,2026-06-30,2026-08-31,nhit_quarterly_operations_finance,https://nhit.co.in/pdf/investor-presentations/Investor%20Presentation%20June%202026.pdf,"PDF p11; printed slide 10, asset chart GDK",issuer_disclosure,True,da8176d700cfc2e88e991e2a71e0a78d92d3397a519a7f13b240808a55db65f1,NSPPL FY26 traffic uses ETC only; FY27 includes non-ETC/exempt: these bases cannot support a comparable YoY calculation. FY27 toll revenue includes annual pass compensation.,NSPPL / GDK,2026,toll_revenue_inr_crore,52.0,issuer_disclosed,issuer,nsppl_gdk,,,,,,,ETC_non_ETC_including_exempt|National Highway,nhai,,,nsppl,nhit,,2026-06-30,,
nsppl_cm,NSPPL / CM,toll_asset_group,NHIT,All India,National Highway,traffic_pcu,29716.0,PCU,29716.0,PCU,2025-04-01,2025-06-30,fiscal_quarter,actual,IHMCL_ETC_only,2025-06-30,2026-08-31,nhit_quarterly_operations_finance,https://nhit.co.in/pdf/investor-presentations/Investor%20Presentation%20June%202026.pdf,"PDF p11; printed slide 10, asset chart CM",issuer_disclosure,True,da8176d700cfc2e88e991e2a71e0a78d92d3397a519a7f13b240808a55db65f1,NSPPL FY26 traffic uses ETC only; FY27 includes non-ETC/exempt: these bases cannot support a comparable YoY calculation. FY27 toll revenue includes annual pass compensation.,NSPPL / CM,2025,traffic_pcu,29716.0,issuer_disclosed,issuer,nsppl_cm,,,,,,,IHMCL_ETC_only|National Highway,nhai,,,nsppl,nhit,,2026-06-30,,
nsppl_cm,NSPPL / CM,toll_asset_group,NHIT,All India,National Highway,toll_revenue_inr_crore,60.0,INR crore,60.0,INR crore,2025-04-01,2025-06-30,fiscal_quarter,actual,IHMCL_ETC_only,2025-06-30,2026-08-31,nhit_quarterly_operations_finance,https://nhit.co.in/pdf/investor-presentations/Investor%20Presentation%20June%202026.pdf,"PDF p11; printed slide 10, asset chart CM",issuer_disclosure,True,da8176d700cfc2e88e991e2a71e0a78d92d3397a519a7f13b240808a55db65f1,NSPPL FY26 traffic uses ETC only; FY27 includes non-ETC/exempt: these bases cannot support a comparable YoY calculation. FY27 toll revenue includes annual pass compensation.,NSPPL / CM,2025,toll_revenue_inr_crore,60.0,issuer_disclosed,issuer,nsppl_cm,,,,,,,IHMCL_ETC_only|National Highway,nhai,,,nsppl,nhit,,2026-06-30,,
nsppl_cm,NSPPL / CM,toll_asset_group,NHIT,All India,National Highway,traffic_pcu,33911.0,PCU,33911.0,PCU,2026-04-01,2026-06-30,fiscal_quarter,actual,ETC_non_ETC_including_exempt,2026-06-30,2026-08-31,nhit_quarterly_operations_finance,https://nhit.co.in/pdf/investor-presentations/Investor%20Presentation%20June%202026.pdf,"PDF p11; printed slide 10, asset chart CM",issuer_disclosure,True,da8176d700cfc2e88e991e2a71e0a78d92d3397a519a7f13b240808a55db65f1,NSPPL FY26 traffic uses ETC only; FY27 includes non-ETC/exempt: these bases cannot support a comparable YoY calculation. FY27 toll revenue includes annual pass compensation.,NSPPL / CM,2026,traffic_pcu,33911.0,issuer_disclosed,issuer,nsppl_cm,,,,,,,ETC_non_ETC_including_exempt|National Highway,nhai,,,nsppl,nhit,,2026-06-30,,
nsppl_cm,NSPPL / CM,toll_asset_group,NHIT,All India,National Highway,toll_revenue_inr_crore,69.0,INR crore,69.0,INR crore,2026-04-01,2026-06-30,fiscal_quarter,actual,ETC_non_ETC_including_exempt,2026-06-30,2026-08-31,nhit_quarterly_operations_finance,https://nhit.co.in/pdf/investor-presentations/Investor%20Presentation%20June%202026.pdf,"PDF p11; printed slide 10, asset chart CM",issuer_disclosure,True,da8176d700cfc2e88e991e2a71e0a78d92d3397a519a7f13b240808a55db65f1,NSPPL FY26 traffic uses ETC only; FY27 includes non-ETC/exempt: these bases cannot support a comparable YoY calculation. FY27 toll revenue includes annual pass compensation.,NSPPL / CM,2026,toll_revenue_inr_crore,69.0,issuer_disclosed,issuer,nsppl_cm,,,,,,,ETC_non_ETC_including_exempt|National Highway,nhai,,,nsppl,nhit,,2026-06-30,,
nsppl_bs,NSPPL / BS,toll_asset_group,NHIT,All India,National Highway,traffic_pcu,24253.0,PCU,24253.0,PCU,2025-04-01,2025-06-30,fiscal_quarter,actual,IHMCL_ETC_only,2025-06-30,2026-08-31,nhit_quarterly_operations_finance,https://nhit.co.in/pdf/investor-presentations/Investor%20Presentation%20June%202026.pdf,"PDF p11; printed slide 10, asset chart BS",issuer_disclosure,True,da8176d700cfc2e88e991e2a71e0a78d92d3397a519a7f13b240808a55db65f1,NSPPL FY26 traffic uses ETC only; FY27 includes non-ETC/exempt: these bases cannot support a comparable YoY calculation. FY27 toll revenue includes annual pass compensation.,NSPPL / BS,2025,traffic_pcu,24253.0,issuer_disclosed,issuer,nsppl_bs,,,,,,,IHMCL_ETC_only|National Highway,nhai,,,nsppl,nhit,,2026-06-30,,
nsppl_bs,NSPPL / BS,toll_asset_group,NHIT,All India,National Highway,toll_revenue_inr_crore,59.0,INR crore,59.0,INR crore,2025-04-01,2025-06-30,fiscal_quarter,actual,IHMCL_ETC_only,2025-06-30,2026-08-31,nhit_quarterly_operations_finance,https://nhit.co.in/pdf/investor-presentations/Investor%20Presentation%20June%202026.pdf,"PDF p11; printed slide 10, asset chart BS",issuer_disclosure,True,da8176d700cfc2e88e991e2a71e0a78d92d3397a519a7f13b240808a55db65f1,NSPPL FY26 traffic uses ETC only; FY27 includes non-ETC/exempt: these bases cannot support a comparable YoY calculation. FY27 toll revenue includes annual pass compensation.,NSPPL / BS,2025,toll_revenue_inr_crore,59.0,issuer_disclosed,issuer,nsppl_bs,,,,,,,IHMCL_ETC_only|National Highway,nhai,,,nsppl,nhit,,2026-06-30,,
nsppl_bs,NSPPL / BS,toll_asset_group,NHIT,All India,National Highway,traffic_pcu,25967.0,PCU,25967.0,PCU,2026-04-01,2026-06-30,fiscal_quarter,actual,ETC_non_ETC_including_exempt,2026-06-30,2026-08-31,nhit_quarterly_operations_finance,https://nhit.co.in/pdf/investor-presentations/Investor%20Presentation%20June%202026.pdf,"PDF p11; printed slide 10, asset chart BS",issuer_disclosure,True,da8176d700cfc2e88e991e2a71e0a78d92d3397a519a7f13b240808a55db65f1,NSPPL FY26 traffic uses ETC only; FY27 includes non-ETC/exempt: these bases cannot support a comparable YoY calculation. FY27 toll revenue includes annual pass compensation.,NSPPL / BS,2026,traffic_pcu,25967.0,issuer_disclosed,issuer,nsppl_bs,,,,,,,ETC_non_ETC_including_exempt|National Highway,nhai,,,nsppl,nhit,,2026-06-30,,
nsppl_bs,NSPPL / BS,toll_asset_group,NHIT,All India,National Highway,toll_revenue_inr_crore,64.0,INR crore,64.0,INR crore,2026-04-01,2026-06-30,fiscal_quarter,actual,ETC_non_ETC_including_exempt,2026-06-30,2026-08-31,nhit_quarterly_operations_finance,https://nhit.co.in/pdf/investor-presentations/Investor%20Presentation%20June%202026.pdf,"PDF p11; printed slide 10, asset chart BS",issuer_disclosure,True,da8176d700cfc2e88e991e2a71e0a78d92d3397a519a7f13b240808a55db65f1,NSPPL FY26 traffic uses ETC only; FY27 includes non-ETC/exempt: these bases cannot support a comparable YoY calculation. FY27 toll revenue includes annual pass compensation.,NSPPL / BS,2026,toll_revenue_inr_crore,64.0,issuer_disclosed,issuer,nsppl_bs,,,,,,,ETC_non_ETC_including_exempt|National Highway,nhai,,,nsppl,nhit,,2026-06-30,,
nsppl_gm,NSPPL / GM,toll_asset_group,NHIT,All India,National Highway,traffic_pcu,52842.0,PCU,52842.0,PCU,2025-04-01,2025-06-30,fiscal_quarter,actual,IHMCL_ETC_only,2025-06-30,2026-08-31,nhit_quarterly_operations_finance,https://nhit.co.in/pdf/investor-presentations/Investor%20Presentation%20June%202026.pdf,"PDF p11; printed slide 10, asset chart GM",issuer_disclosure,True,da8176d700cfc2e88e991e2a71e0a78d92d3397a519a7f13b240808a55db65f1,NSPPL FY26 traffic uses ETC only; FY27 includes non-ETC/exempt: these bases cannot support a comparable YoY calculation. FY27 toll revenue includes annual pass compensation.,NSPPL / GM,2025,traffic_pcu,52842.0,issuer_disclosed,issuer,nsppl_gm,,,,,,,IHMCL_ETC_only|National Highway,nhai,,,nsppl,nhit,,2026-06-30,,
nsppl_gm,NSPPL / GM,toll_asset_group,NHIT,All India,National Highway,toll_revenue_inr_crore,45.0,INR crore,45.0,INR crore,2025-04-01,2025-06-30,fiscal_quarter,actual,IHMCL_ETC_only,2025-06-30,2026-08-31,nhit_quarterly_operations_finance,https://nhit.co.in/pdf/investor-presentations/Investor%20Presentation%20June%202026.pdf,"PDF p11; printed slide 10, asset chart GM",issuer_disclosure,True,da8176d700cfc2e88e991e2a71e0a78d92d3397a519a7f13b240808a55db65f1,NSPPL FY26 traffic uses ETC only; FY27 includes non-ETC/exempt: these bases cannot support a comparable YoY calculation. FY27 toll revenue includes annual pass compensation.,NSPPL / GM,2025,toll_revenue_inr_crore,45.0,issuer_disclosed,issuer,nsppl_gm,,,,,,,IHMCL_ETC_only|National Highway,nhai,,,nsppl,nhit,,2026-06-30,,
nsppl_gm,NSPPL / GM,toll_asset_group,NHIT,All India,National Highway,traffic_pcu,50985.0,PCU,50985.0,PCU,2026-04-01,2026-06-30,fiscal_quarter,actual,ETC_non_ETC_including_exempt,2026-06-30,2026-08-31,nhit_quarterly_operations_finance,https://nhit.co.in/pdf/investor-presentations/Investor%20Presentation%20June%202026.pdf,"PDF p11; printed slide 10, asset chart GM",issuer_disclosure,True,da8176d700cfc2e88e991e2a71e0a78d92d3397a519a7f13b240808a55db65f1,NSPPL FY26 traffic uses ETC only; FY27 includes non-ETC/exempt: these bases cannot support a comparable YoY calculation. FY27 toll revenue includes annual pass compensation.,NSPPL / GM,2026,traffic_pcu,50985.0,issuer_disclosed,issuer,nsppl_gm,,,,,,,ETC_non_ETC_including_exempt|National Highway,nhai,,,nsppl,nhit,,2026-06-30,,
nsppl_gm,NSPPL / GM,toll_asset_group,NHIT,All India,National Highway,toll_revenue_inr_crore,45.0,INR crore,45.0,INR crore,2026-04-01,2026-06-30,fiscal_quarter,actual,ETC_non_ETC_including_exempt,2026-06-30,2026-08-31,nhit_quarterly_operations_finance,https://nhit.co.in/pdf/investor-presentations/Investor%20Presentation%20June%202026.pdf,"PDF p11; printed slide 10, asset chart GM",issuer_disclosure,True,da8176d700cfc2e88e991e2a71e0a78d92d3397a519a7f13b240808a55db65f1,NSPPL FY26 traffic uses ETC only; FY27 includes non-ETC/exempt: these bases cannot support a comparable YoY calculation. FY27 toll revenue includes annual pass compensation.,NSPPL / GM,2026,toll_revenue_inr_crore,45.0,issuer_disclosed,issuer,nsppl_gm,,,,,,,ETC_non_ETC_including_exempt|National Highway,nhai,,,nsppl,nhit,,2026-06-30,,
