entity_id,entity_name,entity_type,agency,state,road_class,metric,value,unit,original_value,original_unit,period_start,period_end,period_basis,estimate_type,statement_basis,data_as_of,published_at,source_id,citation_url,table_page,evidence_class,analytical_eligible,source_document_sha256,notes,entity,year,metric_name,metric_value,metric_category,source_type,asset_id,project_name,nh_number,project_stage,scheduled_completion_date,likely_completion_date,actual_completion_date,comparison_group,asset_owner_id,implementing_agency_id,operator_id,concessionaire_id,financing_entity_id,contractor_name,disclosure_as_of,estimate_vintage,reported_period,observation_status,assurance,revision_identity,price_basis,base_year
nhai,NHAI,agency,NHAI,All India,National Highway,capital_inr_crore,957779.1296,INR crore,95777912.96,INR lakh,,2025-03-31,balance_sheet_snapshot,actual,NHAI_standalone_balance_sheet,2025-03-31,,nhai_financial_results_2025_03_unaudited,https://nhai.gov.in/nhai/sites/default/files/mix_file/Q_F_f_tQended_on_31-March-2025.pdf,PDF p2; printed p1; Capital;31March2025 column,official_measured,True,d08837c303f72abf4d131e796f71eb93450be10cfdd96ee7fd4f921c3ac38c97,Current 31 March 2025 column unaudited and subject to limited review; prior 31 March 2024 comparative labelled audited. Original Rs. in Lakhs×0.01. Authority implements Government road assets; conventional corporate profit/interest ratios can mislead. Bond-interest cash payment is distinct from establishment finance cost. Cash adjusted toll ploughback is not gross toll receipts. Reported capital-road-work total includes net fixed block; not only completed+WIP. Publication day unverified and blank; comparative cutoff never advanced to newer report year.,NHAI,2025,capital_inr_crore,957779.1296,official_measured,official,,,,,,,,NHAI_standalone_balance_sheet|National Highway,,nhai,,,nhai,,,,2025-03-31,reported,limited_review_unaudited,d08837c303f72abf4d131e796f71eb93450be10cfdd96ee7fd4f921c3ac38c97,,
nhai,NHAI,agency,NHAI,All India,National Highway,capital_inr_crore,724084.9618,INR crore,72408496.18,INR lakh,,2024-03-31,balance_sheet_snapshot,actual,NHAI_standalone_balance_sheet,2024-03-31,,nhai_financial_results_2025_03_unaudited,https://nhai.gov.in/nhai/sites/default/files/mix_file/Q_F_f_tQended_on_31-March-2025.pdf,PDF p2; printed p1; Capital;31March2024 column,official_measured,True,d08837c303f72abf4d131e796f71eb93450be10cfdd96ee7fd4f921c3ac38c97,Current 31 March 2025 column unaudited and subject to limited review; prior 31 March 2024 comparative labelled audited. Original Rs. in Lakhs×0.01. Authority implements Government road assets; conventional corporate profit/interest ratios can mislead. Bond-interest cash payment is distinct from establishment finance cost. Cash adjusted toll ploughback is not gross toll receipts. Reported capital-road-work total includes net fixed block; not only completed+WIP. Publication day unverified and blank; comparative cutoff never advanced to newer report year.,NHAI,2024,capital_inr_crore,724084.9618,official_measured,official,,,,,,,,NHAI_standalone_balance_sheet|National Highway,,nhai,,,nhai,,,,2024-03-31,reported,audited_comparator,d08837c303f72abf4d131e796f71eb93450be10cfdd96ee7fd4f921c3ac38c97,,
nhai,NHAI,agency,NHAI,All India,National Highway,secured_borrowings_inr_crore,194349.26690000002,INR crore,19434926.69,INR lakh,,2025-03-31,balance_sheet_snapshot,actual,NHAI_standalone_balance_sheet,2025-03-31,,nhai_financial_results_2025_03_unaudited,https://nhai.gov.in/nhai/sites/default/files/mix_file/Q_F_f_tQended_on_31-March-2025.pdf,PDF p2; printed p1; Secured Loans;31March2025 column,official_measured,True,d08837c303f72abf4d131e796f71eb93450be10cfdd96ee7fd4f921c3ac38c97,Current 31 March 2025 column unaudited and subject to limited review; prior 31 March 2024 comparative labelled audited. Original Rs. in Lakhs×0.01. Authority implements Government road assets; conventional corporate profit/interest ratios can mislead. Bond-interest cash payment is distinct from establishment finance cost. Cash adjusted toll ploughback is not gross toll receipts. Reported capital-road-work total includes net fixed block; not only completed+WIP. Publication day unverified and blank; comparative cutoff never advanced to newer report year.,NHAI,2025,secured_borrowings_inr_crore,194349.26690000002,official_measured,official,,,,,,,,NHAI_standalone_balance_sheet|National Highway,,nhai,,,nhai,,,,2025-03-31,reported,limited_review_unaudited,d08837c303f72abf4d131e796f71eb93450be10cfdd96ee7fd4f921c3ac38c97,,
nhai,NHAI,agency,NHAI,All India,National Highway,secured_borrowings_inr_crore,198931.0495,INR crore,19893104.95,INR lakh,,2024-03-31,balance_sheet_snapshot,actual,NHAI_standalone_balance_sheet,2024-03-31,,nhai_financial_results_2025_03_unaudited,https://nhai.gov.in/nhai/sites/default/files/mix_file/Q_F_f_tQended_on_31-March-2025.pdf,PDF p2; printed p1; Secured Loans;31March2024 column,official_measured,True,d08837c303f72abf4d131e796f71eb93450be10cfdd96ee7fd4f921c3ac38c97,Current 31 March 2025 column unaudited and subject to limited review; prior 31 March 2024 comparative labelled audited. Original Rs. in Lakhs×0.01. Authority implements Government road assets; conventional corporate profit/interest ratios can mislead. Bond-interest cash payment is distinct from establishment finance cost. Cash adjusted toll ploughback is not gross toll receipts. Reported capital-road-work total includes net fixed block; not only completed+WIP. Publication day unverified and blank; comparative cutoff never advanced to newer report year.,NHAI,2024,secured_borrowings_inr_crore,198931.0495,official_measured,official,,,,,,,,NHAI_standalone_balance_sheet|National Highway,,nhai,,,nhai,,,,2024-03-31,reported,audited_comparator,d08837c303f72abf4d131e796f71eb93450be10cfdd96ee7fd4f921c3ac38c97,,
nhai,NHAI,agency,NHAI,All India,National Highway,unsecured_borrowings_inr_crore,50254.7985,INR crore,5025479.85,INR lakh,,2025-03-31,balance_sheet_snapshot,actual,NHAI_standalone_balance_sheet,2025-03-31,,nhai_financial_results_2025_03_unaudited,https://nhai.gov.in/nhai/sites/default/files/mix_file/Q_F_f_tQended_on_31-March-2025.pdf,PDF p2; printed p1; Unsecured Loans;31March2025 column,official_measured,True,d08837c303f72abf4d131e796f71eb93450be10cfdd96ee7fd4f921c3ac38c97,Current 31 March 2025 column unaudited and subject to limited review; prior 31 March 2024 comparative labelled audited. Original Rs. in Lakhs×0.01. Authority implements Government road assets; conventional corporate profit/interest ratios can mislead. Bond-interest cash payment is distinct from establishment finance cost. Cash adjusted toll ploughback is not gross toll receipts. Reported capital-road-work total includes net fixed block; not only completed+WIP. Publication day unverified and blank; comparative cutoff never advanced to newer report year.,NHAI,2025,unsecured_borrowings_inr_crore,50254.7985,official_measured,official,,,,,,,,NHAI_standalone_balance_sheet|National Highway,,nhai,,,nhai,,,,2025-03-31,reported,limited_review_unaudited,d08837c303f72abf4d131e796f71eb93450be10cfdd96ee7fd4f921c3ac38c97,,
nhai,NHAI,agency,NHAI,All India,National Highway,unsecured_borrowings_inr_crore,136442.1471,INR crore,13644214.71,INR lakh,,2024-03-31,balance_sheet_snapshot,actual,NHAI_standalone_balance_sheet,2024-03-31,,nhai_financial_results_2025_03_unaudited,https://nhai.gov.in/nhai/sites/default/files/mix_file/Q_F_f_tQended_on_31-March-2025.pdf,PDF p2; printed p1; Unsecured Loans;31March2024 column,official_measured,True,d08837c303f72abf4d131e796f71eb93450be10cfdd96ee7fd4f921c3ac38c97,Current 31 March 2025 column unaudited and subject to limited review; prior 31 March 2024 comparative labelled audited. Original Rs. in Lakhs×0.01. Authority implements Government road assets; conventional corporate profit/interest ratios can mislead. Bond-interest cash payment is distinct from establishment finance cost. Cash adjusted toll ploughback is not gross toll receipts. Reported capital-road-work total includes net fixed block; not only completed+WIP. Publication day unverified and blank; comparative cutoff never advanced to newer report year.,NHAI,2024,unsecured_borrowings_inr_crore,136442.1471,official_measured,official,,,,,,,,NHAI_standalone_balance_sheet|National Highway,,nhai,,,nhai,,,,2024-03-31,reported,audited_comparator,d08837c303f72abf4d131e796f71eb93450be10cfdd96ee7fd4f921c3ac38c97,,
nhai,NHAI,agency,NHAI,All India,National Highway,balance_sheet_sources_total_inr_crore,1202383.195,INR crore,120238319.5,INR lakh,,2025-03-31,balance_sheet_snapshot,actual,NHAI_standalone_balance_sheet,2025-03-31,,nhai_financial_results_2025_03_unaudited,https://nhai.gov.in/nhai/sites/default/files/mix_file/Q_F_f_tQended_on_31-March-2025.pdf,PDF p2; printed p1; Total Sources of Funds;31March2025 column,official_measured,True,d08837c303f72abf4d131e796f71eb93450be10cfdd96ee7fd4f921c3ac38c97,Current 31 March 2025 column unaudited and subject to limited review; prior 31 March 2024 comparative labelled audited. Original Rs. in Lakhs×0.01. Authority implements Government road assets; conventional corporate profit/interest ratios can mislead. Bond-interest cash payment is distinct from establishment finance cost. Cash adjusted toll ploughback is not gross toll receipts. Reported capital-road-work total includes net fixed block; not only completed+WIP. Publication day unverified and blank; comparative cutoff never advanced to newer report year.,NHAI,2025,balance_sheet_sources_total_inr_crore,1202383.195,official_measured,official,,,,,,,,NHAI_standalone_balance_sheet|National Highway,,nhai,,,nhai,,,,2025-03-31,reported,limited_review_unaudited,d08837c303f72abf4d131e796f71eb93450be10cfdd96ee7fd4f921c3ac38c97,,
nhai,NHAI,agency,NHAI,All India,National Highway,balance_sheet_sources_total_inr_crore,1059458.1584,INR crore,105945815.84,INR lakh,,2024-03-31,balance_sheet_snapshot,actual,NHAI_standalone_balance_sheet,2024-03-31,,nhai_financial_results_2025_03_unaudited,https://nhai.gov.in/nhai/sites/default/files/mix_file/Q_F_f_tQended_on_31-March-2025.pdf,PDF p2; printed p1; Total Sources of Funds;31March2024 column,official_measured,True,d08837c303f72abf4d131e796f71eb93450be10cfdd96ee7fd4f921c3ac38c97,Current 31 March 2025 column unaudited and subject to limited review; prior 31 March 2024 comparative labelled audited. Original Rs. in Lakhs×0.01. Authority implements Government road assets; conventional corporate profit/interest ratios can mislead. Bond-interest cash payment is distinct from establishment finance cost. Cash adjusted toll ploughback is not gross toll receipts. Reported capital-road-work total includes net fixed block; not only completed+WIP. Publication day unverified and blank; comparative cutoff never advanced to newer report year.,NHAI,2024,balance_sheet_sources_total_inr_crore,1059458.1584,official_measured,official,,,,,,,,NHAI_standalone_balance_sheet|National Highway,,nhai,,,nhai,,,,2024-03-31,reported,audited_comparator,d08837c303f72abf4d131e796f71eb93450be10cfdd96ee7fd4f921c3ac38c97,,
nhai,NHAI,agency,NHAI,All India,National Highway,fixed_assets_gross_block_inr_crore,453.9504,INR crore,45395.04,INR lakh,,2025-03-31,balance_sheet_snapshot,actual,NHAI_standalone_balance_sheet,2025-03-31,,nhai_financial_results_2025_03_unaudited,https://nhai.gov.in/nhai/sites/default/files/mix_file/Q_F_f_tQended_on_31-March-2025.pdf,PDF p2; printed p1; Gross Block;31March2025 column,official_measured,True,d08837c303f72abf4d131e796f71eb93450be10cfdd96ee7fd4f921c3ac38c97,Current 31 March 2025 column unaudited and subject to limited review; prior 31 March 2024 comparative labelled audited. Original Rs. in Lakhs×0.01. Authority implements Government road assets; conventional corporate profit/interest ratios can mislead. Bond-interest cash payment is distinct from establishment finance cost. Cash adjusted toll ploughback is not gross toll receipts. Reported capital-road-work total includes net fixed block; not only completed+WIP. Publication day unverified and blank; comparative cutoff never advanced to newer report year.,NHAI,2025,fixed_assets_gross_block_inr_crore,453.9504,official_measured,official,,,,,,,,NHAI_standalone_balance_sheet|National Highway,,nhai,,,nhai,,,,2025-03-31,reported,limited_review_unaudited,d08837c303f72abf4d131e796f71eb93450be10cfdd96ee7fd4f921c3ac38c97,,
nhai,NHAI,agency,NHAI,All India,National Highway,fixed_assets_gross_block_inr_crore,440.42269999999996,INR crore,44042.27,INR lakh,,2024-03-31,balance_sheet_snapshot,actual,NHAI_standalone_balance_sheet,2024-03-31,,nhai_financial_results_2025_03_unaudited,https://nhai.gov.in/nhai/sites/default/files/mix_file/Q_F_f_tQended_on_31-March-2025.pdf,PDF p2; printed p1; Gross Block;31March2024 column,official_measured,True,d08837c303f72abf4d131e796f71eb93450be10cfdd96ee7fd4f921c3ac38c97,Current 31 March 2025 column unaudited and subject to limited review; prior 31 March 2024 comparative labelled audited. Original Rs. in Lakhs×0.01. Authority implements Government road assets; conventional corporate profit/interest ratios can mislead. Bond-interest cash payment is distinct from establishment finance cost. Cash adjusted toll ploughback is not gross toll receipts. Reported capital-road-work total includes net fixed block; not only completed+WIP. Publication day unverified and blank; comparative cutoff never advanced to newer report year.,NHAI,2024,fixed_assets_gross_block_inr_crore,440.42269999999996,official_measured,official,,,,,,,,NHAI_standalone_balance_sheet|National Highway,,nhai,,,nhai,,,,2024-03-31,reported,audited_comparator,d08837c303f72abf4d131e796f71eb93450be10cfdd96ee7fd4f921c3ac38c97,,
nhai,NHAI,agency,NHAI,All India,National Highway,accumulated_depreciation_inr_crore,227.6398,INR crore,22763.98,INR lakh,,2025-03-31,balance_sheet_snapshot,actual,NHAI_standalone_balance_sheet,2025-03-31,,nhai_financial_results_2025_03_unaudited,https://nhai.gov.in/nhai/sites/default/files/mix_file/Q_F_f_tQended_on_31-March-2025.pdf,PDF p2; printed p1; Accumulated Depreciation;31March2025 column,official_measured,True,d08837c303f72abf4d131e796f71eb93450be10cfdd96ee7fd4f921c3ac38c97,Current 31 March 2025 column unaudited and subject to limited review; prior 31 March 2024 comparative labelled audited. Original Rs. in Lakhs×0.01. Authority implements Government road assets; conventional corporate profit/interest ratios can mislead. Bond-interest cash payment is distinct from establishment finance cost. Cash adjusted toll ploughback is not gross toll receipts. Reported capital-road-work total includes net fixed block; not only completed+WIP. Publication day unverified and blank; comparative cutoff never advanced to newer report year.,NHAI,2025,accumulated_depreciation_inr_crore,227.6398,official_measured,official,,,,,,,,NHAI_standalone_balance_sheet|National Highway,,nhai,,,nhai,,,,2025-03-31,reported,limited_review_unaudited,d08837c303f72abf4d131e796f71eb93450be10cfdd96ee7fd4f921c3ac38c97,,
nhai,NHAI,agency,NHAI,All India,National Highway,accumulated_depreciation_inr_crore,202.95990000000003,INR crore,20295.99,INR lakh,,2024-03-31,balance_sheet_snapshot,actual,NHAI_standalone_balance_sheet,2024-03-31,,nhai_financial_results_2025_03_unaudited,https://nhai.gov.in/nhai/sites/default/files/mix_file/Q_F_f_tQended_on_31-March-2025.pdf,PDF p2; printed p1; Accumulated Depreciation;31March2024 column,official_measured,True,d08837c303f72abf4d131e796f71eb93450be10cfdd96ee7fd4f921c3ac38c97,Current 31 March 2025 column unaudited and subject to limited review; prior 31 March 2024 comparative labelled audited. Original Rs. in Lakhs×0.01. Authority implements Government road assets; conventional corporate profit/interest ratios can mislead. Bond-interest cash payment is distinct from establishment finance cost. Cash adjusted toll ploughback is not gross toll receipts. Reported capital-road-work total includes net fixed block; not only completed+WIP. Publication day unverified and blank; comparative cutoff never advanced to newer report year.,NHAI,2024,accumulated_depreciation_inr_crore,202.95990000000003,official_measured,official,,,,,,,,NHAI_standalone_balance_sheet|National Highway,,nhai,,,nhai,,,,2024-03-31,reported,audited_comparator,d08837c303f72abf4d131e796f71eb93450be10cfdd96ee7fd4f921c3ac38c97,,
nhai,NHAI,agency,NHAI,All India,National Highway,fixed_assets_net_block_inr_crore,226.31060000000002,INR crore,22631.06,INR lakh,,2025-03-31,balance_sheet_snapshot,actual,NHAI_standalone_balance_sheet,2025-03-31,,nhai_financial_results_2025_03_unaudited,https://nhai.gov.in/nhai/sites/default/files/mix_file/Q_F_f_tQended_on_31-March-2025.pdf,PDF p2; printed p1; Net Block;31March2025 column,official_measured,True,d08837c303f72abf4d131e796f71eb93450be10cfdd96ee7fd4f921c3ac38c97,Current 31 March 2025 column unaudited and subject to limited review; prior 31 March 2024 comparative labelled audited. Original Rs. in Lakhs×0.01. Authority implements Government road assets; conventional corporate profit/interest ratios can mislead. Bond-interest cash payment is distinct from establishment finance cost. Cash adjusted toll ploughback is not gross toll receipts. Reported capital-road-work total includes net fixed block; not only completed+WIP. Publication day unverified and blank; comparative cutoff never advanced to newer report year.,NHAI,2025,fixed_assets_net_block_inr_crore,226.31060000000002,official_measured,official,,,,,,,,NHAI_standalone_balance_sheet|National Highway,,nhai,,,nhai,,,,2025-03-31,reported,limited_review_unaudited,d08837c303f72abf4d131e796f71eb93450be10cfdd96ee7fd4f921c3ac38c97,,
nhai,NHAI,agency,NHAI,All India,National Highway,fixed_assets_net_block_inr_crore,237.4628,INR crore,23746.28,INR lakh,,2024-03-31,balance_sheet_snapshot,actual,NHAI_standalone_balance_sheet,2024-03-31,,nhai_financial_results_2025_03_unaudited,https://nhai.gov.in/nhai/sites/default/files/mix_file/Q_F_f_tQended_on_31-March-2025.pdf,PDF p2; printed p1; Net Block;31March2024 column,official_measured,True,d08837c303f72abf4d131e796f71eb93450be10cfdd96ee7fd4f921c3ac38c97,Current 31 March 2025 column unaudited and subject to limited review; prior 31 March 2024 comparative labelled audited. Original Rs. in Lakhs×0.01. Authority implements Government road assets; conventional corporate profit/interest ratios can mislead. Bond-interest cash payment is distinct from establishment finance cost. Cash adjusted toll ploughback is not gross toll receipts. Reported capital-road-work total includes net fixed block; not only completed+WIP. Publication day unverified and blank; comparative cutoff never advanced to newer report year.,NHAI,2024,fixed_assets_net_block_inr_crore,237.4628,official_measured,official,,,,,,,,NHAI_standalone_balance_sheet|National Highway,,nhai,,,nhai,,,,2024-03-31,reported,audited_comparator,d08837c303f72abf4d131e796f71eb93450be10cfdd96ee7fd4f921c3ac38c97,,
nhai,NHAI,agency,NHAI,All India,National Highway,completed_road_capital_inr_crore,521513.70310000004,INR crore,52151370.31,INR lakh,,2025-03-31,balance_sheet_snapshot,actual,NHAI_standalone_balance_sheet,2025-03-31,,nhai_financial_results_2025_03_unaudited,https://nhai.gov.in/nhai/sites/default/files/mix_file/Q_F_f_tQended_on_31-March-2025.pdf,PDF p2; printed p1; Capital Work Completed and Capitalized;31March2025 column,official_measured,True,d08837c303f72abf4d131e796f71eb93450be10cfdd96ee7fd4f921c3ac38c97,Current 31 March 2025 column unaudited and subject to limited review; prior 31 March 2024 comparative labelled audited. Original Rs. in Lakhs×0.01. Authority implements Government road assets; conventional corporate profit/interest ratios can mislead. Bond-interest cash payment is distinct from establishment finance cost. Cash adjusted toll ploughback is not gross toll receipts. Reported capital-road-work total includes net fixed block; not only completed+WIP. Publication day unverified and blank; comparative cutoff never advanced to newer report year.,NHAI,2025,completed_road_capital_inr_crore,521513.70310000004,official_measured,official,,,,,,,,NHAI_standalone_balance_sheet|National Highway,,nhai,,,nhai,,,,2025-03-31,reported,limited_review_unaudited,d08837c303f72abf4d131e796f71eb93450be10cfdd96ee7fd4f921c3ac38c97,,
nhai,NHAI,agency,NHAI,All India,National Highway,completed_road_capital_inr_crore,447782.4469,INR crore,44778244.69,INR lakh,,2024-03-31,balance_sheet_snapshot,actual,NHAI_standalone_balance_sheet,2024-03-31,,nhai_financial_results_2025_03_unaudited,https://nhai.gov.in/nhai/sites/default/files/mix_file/Q_F_f_tQended_on_31-March-2025.pdf,PDF p2; printed p1; Capital Work Completed and Capitalized;31March2024 column,official_measured,True,d08837c303f72abf4d131e796f71eb93450be10cfdd96ee7fd4f921c3ac38c97,Current 31 March 2025 column unaudited and subject to limited review; prior 31 March 2024 comparative labelled audited. Original Rs. in Lakhs×0.01. Authority implements Government road assets; conventional corporate profit/interest ratios can mislead. Bond-interest cash payment is distinct from establishment finance cost. Cash adjusted toll ploughback is not gross toll receipts. Reported capital-road-work total includes net fixed block; not only completed+WIP. Publication day unverified and blank; comparative cutoff never advanced to newer report year.,NHAI,2024,completed_road_capital_inr_crore,447782.4469,official_measured,official,,,,,,,,NHAI_standalone_balance_sheet|National Highway,,nhai,,,nhai,,,,2024-03-31,reported,audited_comparator,d08837c303f72abf4d131e796f71eb93450be10cfdd96ee7fd4f921c3ac38c97,,
nhai,NHAI,agency,NHAI,All India,National Highway,road_capital_work_in_progress_inr_crore,631767.3741,INR crore,63176737.41,INR lakh,,2025-03-31,balance_sheet_snapshot,actual,NHAI_standalone_balance_sheet,2025-03-31,,nhai_financial_results_2025_03_unaudited,https://nhai.gov.in/nhai/sites/default/files/mix_file/Q_F_f_tQended_on_31-March-2025.pdf,PDF p2; printed p1; Capital Work in Progress;31March2025 column,official_measured,True,d08837c303f72abf4d131e796f71eb93450be10cfdd96ee7fd4f921c3ac38c97,Current 31 March 2025 column unaudited and subject to limited review; prior 31 March 2024 comparative labelled audited. Original Rs. in Lakhs×0.01. Authority implements Government road assets; conventional corporate profit/interest ratios can mislead. Bond-interest cash payment is distinct from establishment finance cost. Cash adjusted toll ploughback is not gross toll receipts. Reported capital-road-work total includes net fixed block; not only completed+WIP. Publication day unverified and blank; comparative cutoff never advanced to newer report year.,NHAI,2025,road_capital_work_in_progress_inr_crore,631767.3741,official_measured,official,,,,,,,,NHAI_standalone_balance_sheet|National Highway,,nhai,,,nhai,,,,2025-03-31,reported,limited_review_unaudited,d08837c303f72abf4d131e796f71eb93450be10cfdd96ee7fd4f921c3ac38c97,,
nhai,NHAI,agency,NHAI,All India,National Highway,road_capital_work_in_progress_inr_crore,559750.4720000001,INR crore,55975047.2,INR lakh,,2024-03-31,balance_sheet_snapshot,actual,NHAI_standalone_balance_sheet,2024-03-31,,nhai_financial_results_2025_03_unaudited,https://nhai.gov.in/nhai/sites/default/files/mix_file/Q_F_f_tQended_on_31-March-2025.pdf,PDF p2; printed p1; Capital Work in Progress;31March2024 column,official_measured,True,d08837c303f72abf4d131e796f71eb93450be10cfdd96ee7fd4f921c3ac38c97,Current 31 March 2025 column unaudited and subject to limited review; prior 31 March 2024 comparative labelled audited. Original Rs. in Lakhs×0.01. Authority implements Government road assets; conventional corporate profit/interest ratios can mislead. Bond-interest cash payment is distinct from establishment finance cost. Cash adjusted toll ploughback is not gross toll receipts. Reported capital-road-work total includes net fixed block; not only completed+WIP. Publication day unverified and blank; comparative cutoff never advanced to newer report year.,NHAI,2024,road_capital_work_in_progress_inr_crore,559750.4720000001,official_measured,official,,,,,,,,NHAI_standalone_balance_sheet|National Highway,,nhai,,,nhai,,,,2024-03-31,reported,audited_comparator,d08837c303f72abf4d131e796f71eb93450be10cfdd96ee7fd4f921c3ac38c97,,
nhai,NHAI,agency,NHAI,All India,National Highway,reported_capital_road_work_total_inr_crore,1153507.3878000001,INR crore,115350738.78,INR lakh,,2025-03-31,balance_sheet_snapshot,actual,NHAI_standalone_balance_sheet,2025-03-31,,nhai_financial_results_2025_03_unaudited,https://nhai.gov.in/nhai/sites/default/files/mix_file/Q_F_f_tQended_on_31-March-2025.pdf,PDF p2; printed p1; Reported Total Capital Work on Road Assets including Net Block;31March2025 column,official_measured,True,d08837c303f72abf4d131e796f71eb93450be10cfdd96ee7fd4f921c3ac38c97,Current 31 March 2025 column unaudited and subject to limited review; prior 31 March 2024 comparative labelled audited. Original Rs. in Lakhs×0.01. Authority implements Government road assets; conventional corporate profit/interest ratios can mislead. Bond-interest cash payment is distinct from establishment finance cost. Cash adjusted toll ploughback is not gross toll receipts. Reported capital-road-work total includes net fixed block; not only completed+WIP. Publication day unverified and blank; comparative cutoff never advanced to newer report year.,NHAI,2025,reported_capital_road_work_total_inr_crore,1153507.3878000001,official_measured,official,,,,,,,,NHAI_standalone_balance_sheet|National Highway,,nhai,,,nhai,,,,2025-03-31,reported,limited_review_unaudited,d08837c303f72abf4d131e796f71eb93450be10cfdd96ee7fd4f921c3ac38c97,,
nhai,NHAI,agency,NHAI,All India,National Highway,reported_capital_road_work_total_inr_crore,1007770.3817,INR crore,100777038.17,INR lakh,,2024-03-31,balance_sheet_snapshot,actual,NHAI_standalone_balance_sheet,2024-03-31,,nhai_financial_results_2025_03_unaudited,https://nhai.gov.in/nhai/sites/default/files/mix_file/Q_F_f_tQended_on_31-March-2025.pdf,PDF p2; printed p1; Reported Total Capital Work on Road Assets including Net Block;31March2024 column,official_measured,True,d08837c303f72abf4d131e796f71eb93450be10cfdd96ee7fd4f921c3ac38c97,Current 31 March 2025 column unaudited and subject to limited review; prior 31 March 2024 comparative labelled audited. Original Rs. in Lakhs×0.01. Authority implements Government road assets; conventional corporate profit/interest ratios can mislead. Bond-interest cash payment is distinct from establishment finance cost. Cash adjusted toll ploughback is not gross toll receipts. Reported capital-road-work total includes net fixed block; not only completed+WIP. Publication day unverified and blank; comparative cutoff never advanced to newer report year.,NHAI,2024,reported_capital_road_work_total_inr_crore,1007770.3817,official_measured,official,,,,,,,,NHAI_standalone_balance_sheet|National Highway,,nhai,,,nhai,,,,2024-03-31,reported,audited_comparator,d08837c303f72abf4d131e796f71eb93450be10cfdd96ee7fd4f921c3ac38c97,,
nhai,NHAI,agency,NHAI,All India,National Highway,investments_inr_crore,9772.1761,INR crore,977217.61,INR lakh,,2025-03-31,balance_sheet_snapshot,actual,NHAI_standalone_balance_sheet,2025-03-31,,nhai_financial_results_2025_03_unaudited,https://nhai.gov.in/nhai/sites/default/files/mix_file/Q_F_f_tQended_on_31-March-2025.pdf,PDF p2; printed p1; Investments;31March2025 column,official_measured,True,d08837c303f72abf4d131e796f71eb93450be10cfdd96ee7fd4f921c3ac38c97,Current 31 March 2025 column unaudited and subject to limited review; prior 31 March 2024 comparative labelled audited. Original Rs. in Lakhs×0.01. Authority implements Government road assets; conventional corporate profit/interest ratios can mislead. Bond-interest cash payment is distinct from establishment finance cost. Cash adjusted toll ploughback is not gross toll receipts. Reported capital-road-work total includes net fixed block; not only completed+WIP. Publication day unverified and blank; comparative cutoff never advanced to newer report year.,NHAI,2025,investments_inr_crore,9772.1761,official_measured,official,,,,,,,,NHAI_standalone_balance_sheet|National Highway,,nhai,,,nhai,,,,2025-03-31,reported,limited_review_unaudited,d08837c303f72abf4d131e796f71eb93450be10cfdd96ee7fd4f921c3ac38c97,,
nhai,NHAI,agency,NHAI,All India,National Highway,investments_inr_crore,8329.9045,INR crore,832990.45,INR lakh,,2024-03-31,balance_sheet_snapshot,actual,NHAI_standalone_balance_sheet,2024-03-31,,nhai_financial_results_2025_03_unaudited,https://nhai.gov.in/nhai/sites/default/files/mix_file/Q_F_f_tQended_on_31-March-2025.pdf,PDF p2; printed p1; Investments;31March2024 column,official_measured,True,d08837c303f72abf4d131e796f71eb93450be10cfdd96ee7fd4f921c3ac38c97,Current 31 March 2025 column unaudited and subject to limited review; prior 31 March 2024 comparative labelled audited. Original Rs. in Lakhs×0.01. Authority implements Government road assets; conventional corporate profit/interest ratios can mislead. Bond-interest cash payment is distinct from establishment finance cost. Cash adjusted toll ploughback is not gross toll receipts. Reported capital-road-work total includes net fixed block; not only completed+WIP. Publication day unverified and blank; comparative cutoff never advanced to newer report year.,NHAI,2024,investments_inr_crore,8329.9045,official_measured,official,,,,,,,,NHAI_standalone_balance_sheet|National Highway,,nhai,,,nhai,,,,2024-03-31,reported,audited_comparator,d08837c303f72abf4d131e796f71eb93450be10cfdd96ee7fd4f921c3ac38c97,,
nhai,NHAI,agency,NHAI,All India,National Highway,deposits_loans_advances_inr_crore,44456.89490000001,INR crore,4445689.49,INR lakh,,2025-03-31,balance_sheet_snapshot,actual,NHAI_standalone_balance_sheet,2025-03-31,,nhai_financial_results_2025_03_unaudited,https://nhai.gov.in/nhai/sites/default/files/mix_file/Q_F_f_tQended_on_31-March-2025.pdf,PDF p2; printed p1; Deposits Loans and Advances;31March2025 column,official_measured,True,d08837c303f72abf4d131e796f71eb93450be10cfdd96ee7fd4f921c3ac38c97,Current 31 March 2025 column unaudited and subject to limited review; prior 31 March 2024 comparative labelled audited. Original Rs. in Lakhs×0.01. Authority implements Government road assets; conventional corporate profit/interest ratios can mislead. Bond-interest cash payment is distinct from establishment finance cost. Cash adjusted toll ploughback is not gross toll receipts. Reported capital-road-work total includes net fixed block; not only completed+WIP. Publication day unverified and blank; comparative cutoff never advanced to newer report year.,NHAI,2025,deposits_loans_advances_inr_crore,44456.89490000001,official_measured,official,,,,,,,,NHAI_standalone_balance_sheet|National Highway,,nhai,,,nhai,,,,2025-03-31,reported,limited_review_unaudited,d08837c303f72abf4d131e796f71eb93450be10cfdd96ee7fd4f921c3ac38c97,,
nhai,NHAI,agency,NHAI,All India,National Highway,deposits_loans_advances_inr_crore,56445.3688,INR crore,5644536.88,INR lakh,,2024-03-31,balance_sheet_snapshot,actual,NHAI_standalone_balance_sheet,2024-03-31,,nhai_financial_results_2025_03_unaudited,https://nhai.gov.in/nhai/sites/default/files/mix_file/Q_F_f_tQended_on_31-March-2025.pdf,PDF p2; printed p1; Deposits Loans and Advances;31March2024 column,official_measured,True,d08837c303f72abf4d131e796f71eb93450be10cfdd96ee7fd4f921c3ac38c97,Current 31 March 2025 column unaudited and subject to limited review; prior 31 March 2024 comparative labelled audited. Original Rs. in Lakhs×0.01. Authority implements Government road assets; conventional corporate profit/interest ratios can mislead. Bond-interest cash payment is distinct from establishment finance cost. Cash adjusted toll ploughback is not gross toll receipts. Reported capital-road-work total includes net fixed block; not only completed+WIP. Publication day unverified and blank; comparative cutoff never advanced to newer report year.,NHAI,2024,deposits_loans_advances_inr_crore,56445.3688,official_measured,official,,,,,,,,NHAI_standalone_balance_sheet|National Highway,,nhai,,,nhai,,,,2024-03-31,reported,audited_comparator,d08837c303f72abf4d131e796f71eb93450be10cfdd96ee7fd4f921c3ac38c97,,
nhai,NHAI,agency,NHAI,All India,National Highway,cash_bank_balance_inr_crore,45754.7268,INR crore,4575472.68,INR lakh,,2025-03-31,balance_sheet_snapshot,actual,NHAI_standalone_balance_sheet,2025-03-31,,nhai_financial_results_2025_03_unaudited,https://nhai.gov.in/nhai/sites/default/files/mix_file/Q_F_f_tQended_on_31-March-2025.pdf,PDF p2; printed p1; Cash and Bank Balances;31March2025 column,official_measured,True,d08837c303f72abf4d131e796f71eb93450be10cfdd96ee7fd4f921c3ac38c97,Current 31 March 2025 column unaudited and subject to limited review; prior 31 March 2024 comparative labelled audited. Original Rs. in Lakhs×0.01. Authority implements Government road assets; conventional corporate profit/interest ratios can mislead. Bond-interest cash payment is distinct from establishment finance cost. Cash adjusted toll ploughback is not gross toll receipts. Reported capital-road-work total includes net fixed block; not only completed+WIP. Publication day unverified and blank; comparative cutoff never advanced to newer report year.,NHAI,2025,cash_bank_balance_inr_crore,45754.7268,official_measured,official,,,,,,,,NHAI_standalone_balance_sheet|National Highway,,nhai,,,nhai,,,,2025-03-31,reported,limited_review_unaudited,d08837c303f72abf4d131e796f71eb93450be10cfdd96ee7fd4f921c3ac38c97,,
nhai,NHAI,agency,NHAI,All India,National Highway,cash_bank_balance_inr_crore,36382.8761,INR crore,3638287.61,INR lakh,,2024-03-31,balance_sheet_snapshot,actual,NHAI_standalone_balance_sheet,2024-03-31,,nhai_financial_results_2025_03_unaudited,https://nhai.gov.in/nhai/sites/default/files/mix_file/Q_F_f_tQended_on_31-March-2025.pdf,PDF p2; printed p1; Cash and Bank Balances;31March2024 column,official_measured,True,d08837c303f72abf4d131e796f71eb93450be10cfdd96ee7fd4f921c3ac38c97,Current 31 March 2025 column unaudited and subject to limited review; prior 31 March 2024 comparative labelled audited. Original Rs. in Lakhs×0.01. Authority implements Government road assets; conventional corporate profit/interest ratios can mislead. Bond-interest cash payment is distinct from establishment finance cost. Cash adjusted toll ploughback is not gross toll receipts. Reported capital-road-work total includes net fixed block; not only completed+WIP. Publication day unverified and blank; comparative cutoff never advanced to newer report year.,NHAI,2024,cash_bank_balance_inr_crore,36382.8761,official_measured,official,,,,,,,,NHAI_standalone_balance_sheet|National Highway,,nhai,,,nhai,,,,2024-03-31,reported,audited_comparator,d08837c303f72abf4d131e796f71eb93450be10cfdd96ee7fd4f921c3ac38c97,,
nhai,NHAI,agency,NHAI,All India,National Highway,current_assets_inr_crore,90211.6217,INR crore,9021162.17,INR lakh,,2025-03-31,balance_sheet_snapshot,actual,NHAI_standalone_balance_sheet,2025-03-31,,nhai_financial_results_2025_03_unaudited,https://nhai.gov.in/nhai/sites/default/files/mix_file/Q_F_f_tQended_on_31-March-2025.pdf,PDF p2; printed p1; Subtotal Current Assets;31March2025 column,official_measured,True,d08837c303f72abf4d131e796f71eb93450be10cfdd96ee7fd4f921c3ac38c97,Current 31 March 2025 column unaudited and subject to limited review; prior 31 March 2024 comparative labelled audited. Original Rs. in Lakhs×0.01. Authority implements Government road assets; conventional corporate profit/interest ratios can mislead. Bond-interest cash payment is distinct from establishment finance cost. Cash adjusted toll ploughback is not gross toll receipts. Reported capital-road-work total includes net fixed block; not only completed+WIP. Publication day unverified and blank; comparative cutoff never advanced to newer report year.,NHAI,2025,current_assets_inr_crore,90211.6217,official_measured,official,,,,,,,,NHAI_standalone_balance_sheet|National Highway,,nhai,,,nhai,,,,2025-03-31,reported,limited_review_unaudited,d08837c303f72abf4d131e796f71eb93450be10cfdd96ee7fd4f921c3ac38c97,,
nhai,NHAI,agency,NHAI,All India,National Highway,current_assets_inr_crore,92828.2449,INR crore,9282824.49,INR lakh,,2024-03-31,balance_sheet_snapshot,actual,NHAI_standalone_balance_sheet,2024-03-31,,nhai_financial_results_2025_03_unaudited,https://nhai.gov.in/nhai/sites/default/files/mix_file/Q_F_f_tQended_on_31-March-2025.pdf,PDF p2; printed p1; Subtotal Current Assets;31March2024 column,official_measured,True,d08837c303f72abf4d131e796f71eb93450be10cfdd96ee7fd4f921c3ac38c97,Current 31 March 2025 column unaudited and subject to limited review; prior 31 March 2024 comparative labelled audited. Original Rs. in Lakhs×0.01. Authority implements Government road assets; conventional corporate profit/interest ratios can mislead. Bond-interest cash payment is distinct from establishment finance cost. Cash adjusted toll ploughback is not gross toll receipts. Reported capital-road-work total includes net fixed block; not only completed+WIP. Publication day unverified and blank; comparative cutoff never advanced to newer report year.,NHAI,2024,current_assets_inr_crore,92828.2449,official_measured,official,,,,,,,,NHAI_standalone_balance_sheet|National Highway,,nhai,,,nhai,,,,2024-03-31,reported,audited_comparator,d08837c303f72abf4d131e796f71eb93450be10cfdd96ee7fd4f921c3ac38c97,,
nhai,NHAI,agency,NHAI,All India,National Highway,current_liabilities_inr_crore,50788.3581,INR crore,5078835.81,INR lakh,,2025-03-31,balance_sheet_snapshot,actual,NHAI_standalone_balance_sheet,2025-03-31,,nhai_financial_results_2025_03_unaudited,https://nhai.gov.in/nhai/sites/default/files/mix_file/Q_F_f_tQended_on_31-March-2025.pdf,PDF p2; printed p1; Current Liabilities;31March2025 column,official_measured,True,d08837c303f72abf4d131e796f71eb93450be10cfdd96ee7fd4f921c3ac38c97,Current 31 March 2025 column unaudited and subject to limited review; prior 31 March 2024 comparative labelled audited. Original Rs. in Lakhs×0.01. Authority implements Government road assets; conventional corporate profit/interest ratios can mislead. Bond-interest cash payment is distinct from establishment finance cost. Cash adjusted toll ploughback is not gross toll receipts. Reported capital-road-work total includes net fixed block; not only completed+WIP. Publication day unverified and blank; comparative cutoff never advanced to newer report year.,NHAI,2025,current_liabilities_inr_crore,50788.3581,official_measured,official,,,,,,,,NHAI_standalone_balance_sheet|National Highway,,nhai,,,nhai,,,,2025-03-31,reported,limited_review_unaudited,d08837c303f72abf4d131e796f71eb93450be10cfdd96ee7fd4f921c3ac38c97,,
nhai,NHAI,agency,NHAI,All India,National Highway,current_liabilities_inr_crore,49137.9498,INR crore,4913794.98,INR lakh,,2024-03-31,balance_sheet_snapshot,actual,NHAI_standalone_balance_sheet,2024-03-31,,nhai_financial_results_2025_03_unaudited,https://nhai.gov.in/nhai/sites/default/files/mix_file/Q_F_f_tQended_on_31-March-2025.pdf,PDF p2; printed p1; Current Liabilities;31March2024 column,official_measured,True,d08837c303f72abf4d131e796f71eb93450be10cfdd96ee7fd4f921c3ac38c97,Current 31 March 2025 column unaudited and subject to limited review; prior 31 March 2024 comparative labelled audited. Original Rs. in Lakhs×0.01. Authority implements Government road assets; conventional corporate profit/interest ratios can mislead. Bond-interest cash payment is distinct from establishment finance cost. Cash adjusted toll ploughback is not gross toll receipts. Reported capital-road-work total includes net fixed block; not only completed+WIP. Publication day unverified and blank; comparative cutoff never advanced to newer report year.,NHAI,2024,current_liabilities_inr_crore,49137.9498,official_measured,official,,,,,,,,NHAI_standalone_balance_sheet|National Highway,,nhai,,,nhai,,,,2024-03-31,reported,audited_comparator,d08837c303f72abf4d131e796f71eb93450be10cfdd96ee7fd4f921c3ac38c97,,
nhai,NHAI,agency,NHAI,All India,National Highway,provisions_inr_crore,319.6325,INR crore,31963.25,INR lakh,,2025-03-31,balance_sheet_snapshot,actual,NHAI_standalone_balance_sheet,2025-03-31,,nhai_financial_results_2025_03_unaudited,https://nhai.gov.in/nhai/sites/default/files/mix_file/Q_F_f_tQended_on_31-March-2025.pdf,PDF p2; printed p1; Provisions;31March2025 column,official_measured,True,d08837c303f72abf4d131e796f71eb93450be10cfdd96ee7fd4f921c3ac38c97,Current 31 March 2025 column unaudited and subject to limited review; prior 31 March 2024 comparative labelled audited. Original Rs. in Lakhs×0.01. Authority implements Government road assets; conventional corporate profit/interest ratios can mislead. Bond-interest cash payment is distinct from establishment finance cost. Cash adjusted toll ploughback is not gross toll receipts. Reported capital-road-work total includes net fixed block; not only completed+WIP. Publication day unverified and blank; comparative cutoff never advanced to newer report year.,NHAI,2025,provisions_inr_crore,319.6325,official_measured,official,,,,,,,,NHAI_standalone_balance_sheet|National Highway,,nhai,,,nhai,,,,2025-03-31,reported,limited_review_unaudited,d08837c303f72abf4d131e796f71eb93450be10cfdd96ee7fd4f921c3ac38c97,,
nhai,NHAI,agency,NHAI,All India,National Highway,provisions_inr_crore,332.4229,INR crore,33242.29,INR lakh,,2024-03-31,balance_sheet_snapshot,actual,NHAI_standalone_balance_sheet,2024-03-31,,nhai_financial_results_2025_03_unaudited,https://nhai.gov.in/nhai/sites/default/files/mix_file/Q_F_f_tQended_on_31-March-2025.pdf,PDF p2; printed p1; Provisions;31March2024 column,official_measured,True,d08837c303f72abf4d131e796f71eb93450be10cfdd96ee7fd4f921c3ac38c97,Current 31 March 2025 column unaudited and subject to limited review; prior 31 March 2024 comparative labelled audited. Original Rs. in Lakhs×0.01. Authority implements Government road assets; conventional corporate profit/interest ratios can mislead. Bond-interest cash payment is distinct from establishment finance cost. Cash adjusted toll ploughback is not gross toll receipts. Reported capital-road-work total includes net fixed block; not only completed+WIP. Publication day unverified and blank; comparative cutoff never advanced to newer report year.,NHAI,2024,provisions_inr_crore,332.4229,official_measured,official,,,,,,,,NHAI_standalone_balance_sheet|National Highway,,nhai,,,nhai,,,,2024-03-31,reported,audited_comparator,d08837c303f72abf4d131e796f71eb93450be10cfdd96ee7fd4f921c3ac38c97,,
nhai,NHAI,agency,NHAI,All India,National Highway,current_liabilities_provisions_inr_crore,51107.9906,INR crore,5110799.06,INR lakh,,2025-03-31,balance_sheet_snapshot,actual,NHAI_standalone_balance_sheet,2025-03-31,,nhai_financial_results_2025_03_unaudited,https://nhai.gov.in/nhai/sites/default/files/mix_file/Q_F_f_tQended_on_31-March-2025.pdf,PDF p2; printed p1; Current Liabilities and Provisions;31March2025 column,official_measured,True,d08837c303f72abf4d131e796f71eb93450be10cfdd96ee7fd4f921c3ac38c97,Current 31 March 2025 column unaudited and subject to limited review; prior 31 March 2024 comparative labelled audited. Original Rs. in Lakhs×0.01. Authority implements Government road assets; conventional corporate profit/interest ratios can mislead. Bond-interest cash payment is distinct from establishment finance cost. Cash adjusted toll ploughback is not gross toll receipts. Reported capital-road-work total includes net fixed block; not only completed+WIP. Publication day unverified and blank; comparative cutoff never advanced to newer report year.,NHAI,2025,current_liabilities_provisions_inr_crore,51107.9906,official_measured,official,,,,,,,,NHAI_standalone_balance_sheet|National Highway,,nhai,,,nhai,,,,2025-03-31,reported,limited_review_unaudited,d08837c303f72abf4d131e796f71eb93450be10cfdd96ee7fd4f921c3ac38c97,,
nhai,NHAI,agency,NHAI,All India,National Highway,current_liabilities_provisions_inr_crore,49470.3727,INR crore,4947037.27,INR lakh,,2024-03-31,balance_sheet_snapshot,actual,NHAI_standalone_balance_sheet,2024-03-31,,nhai_financial_results_2025_03_unaudited,https://nhai.gov.in/nhai/sites/default/files/mix_file/Q_F_f_tQended_on_31-March-2025.pdf,PDF p2; printed p1; Current Liabilities and Provisions;31March2024 column,official_measured,True,d08837c303f72abf4d131e796f71eb93450be10cfdd96ee7fd4f921c3ac38c97,Current 31 March 2025 column unaudited and subject to limited review; prior 31 March 2024 comparative labelled audited. Original Rs. in Lakhs×0.01. Authority implements Government road assets; conventional corporate profit/interest ratios can mislead. Bond-interest cash payment is distinct from establishment finance cost. Cash adjusted toll ploughback is not gross toll receipts. Reported capital-road-work total includes net fixed block; not only completed+WIP. Publication day unverified and blank; comparative cutoff never advanced to newer report year.,NHAI,2024,current_liabilities_provisions_inr_crore,49470.3727,official_measured,official,,,,,,,,NHAI_standalone_balance_sheet|National Highway,,nhai,,,nhai,,,,2024-03-31,reported,audited_comparator,d08837c303f72abf4d131e796f71eb93450be10cfdd96ee7fd4f921c3ac38c97,,
nhai,NHAI,agency,NHAI,All India,National Highway,net_current_assets_inr_crore,39103.6311,INR crore,3910363.11,INR lakh,,2025-03-31,balance_sheet_snapshot,actual,NHAI_standalone_balance_sheet,2025-03-31,,nhai_financial_results_2025_03_unaudited,https://nhai.gov.in/nhai/sites/default/files/mix_file/Q_F_f_tQended_on_31-March-2025.pdf,PDF p2; printed p1; Net Current Assets;31March2025 column,official_measured,True,d08837c303f72abf4d131e796f71eb93450be10cfdd96ee7fd4f921c3ac38c97,Current 31 March 2025 column unaudited and subject to limited review; prior 31 March 2024 comparative labelled audited. Original Rs. in Lakhs×0.01. Authority implements Government road assets; conventional corporate profit/interest ratios can mislead. Bond-interest cash payment is distinct from establishment finance cost. Cash adjusted toll ploughback is not gross toll receipts. Reported capital-road-work total includes net fixed block; not only completed+WIP. Publication day unverified and blank; comparative cutoff never advanced to newer report year.,NHAI,2025,net_current_assets_inr_crore,39103.6311,official_measured,official,,,,,,,,NHAI_standalone_balance_sheet|National Highway,,nhai,,,nhai,,,,2025-03-31,reported,limited_review_unaudited,d08837c303f72abf4d131e796f71eb93450be10cfdd96ee7fd4f921c3ac38c97,,
nhai,NHAI,agency,NHAI,All India,National Highway,net_current_assets_inr_crore,43357.8722,INR crore,4335787.22,INR lakh,,2024-03-31,balance_sheet_snapshot,actual,NHAI_standalone_balance_sheet,2024-03-31,,nhai_financial_results_2025_03_unaudited,https://nhai.gov.in/nhai/sites/default/files/mix_file/Q_F_f_tQended_on_31-March-2025.pdf,PDF p2; printed p1; Net Current Assets;31March2024 column,official_measured,True,d08837c303f72abf4d131e796f71eb93450be10cfdd96ee7fd4f921c3ac38c97,Current 31 March 2025 column unaudited and subject to limited review; prior 31 March 2024 comparative labelled audited. Original Rs. in Lakhs×0.01. Authority implements Government road assets; conventional corporate profit/interest ratios can mislead. Bond-interest cash payment is distinct from establishment finance cost. Cash adjusted toll ploughback is not gross toll receipts. Reported capital-road-work total includes net fixed block; not only completed+WIP. Publication day unverified and blank; comparative cutoff never advanced to newer report year.,NHAI,2024,net_current_assets_inr_crore,43357.8722,official_measured,official,,,,,,,,NHAI_standalone_balance_sheet|National Highway,,nhai,,,nhai,,,,2024-03-31,reported,audited_comparator,d08837c303f72abf4d131e796f71eb93450be10cfdd96ee7fd4f921c3ac38c97,,
nhai,NHAI,agency,NHAI,All India,National Highway,balance_sheet_applications_total_inr_crore,1202383.195,INR crore,120238319.5,INR lakh,,2025-03-31,balance_sheet_snapshot,actual,NHAI_standalone_balance_sheet,2025-03-31,,nhai_financial_results_2025_03_unaudited,https://nhai.gov.in/nhai/sites/default/files/mix_file/Q_F_f_tQended_on_31-March-2025.pdf,PDF p2; printed p1; Total Applications of Funds;31March2025 column,official_measured,True,d08837c303f72abf4d131e796f71eb93450be10cfdd96ee7fd4f921c3ac38c97,Current 31 March 2025 column unaudited and subject to limited review; prior 31 March 2024 comparative labelled audited. Original Rs. in Lakhs×0.01. Authority implements Government road assets; conventional corporate profit/interest ratios can mislead. Bond-interest cash payment is distinct from establishment finance cost. Cash adjusted toll ploughback is not gross toll receipts. Reported capital-road-work total includes net fixed block; not only completed+WIP. Publication day unverified and blank; comparative cutoff never advanced to newer report year.,NHAI,2025,balance_sheet_applications_total_inr_crore,1202383.195,official_measured,official,,,,,,,,NHAI_standalone_balance_sheet|National Highway,,nhai,,,nhai,,,,2025-03-31,reported,limited_review_unaudited,d08837c303f72abf4d131e796f71eb93450be10cfdd96ee7fd4f921c3ac38c97,,
nhai,NHAI,agency,NHAI,All India,National Highway,balance_sheet_applications_total_inr_crore,1059458.1584,INR crore,105945815.84,INR lakh,,2024-03-31,balance_sheet_snapshot,actual,NHAI_standalone_balance_sheet,2024-03-31,,nhai_financial_results_2025_03_unaudited,https://nhai.gov.in/nhai/sites/default/files/mix_file/Q_F_f_tQended_on_31-March-2025.pdf,PDF p2; printed p1; Total Applications of Funds;31March2024 column,official_measured,True,d08837c303f72abf4d131e796f71eb93450be10cfdd96ee7fd4f921c3ac38c97,Current 31 March 2025 column unaudited and subject to limited review; prior 31 March 2024 comparative labelled audited. Original Rs. in Lakhs×0.01. Authority implements Government road assets; conventional corporate profit/interest ratios can mislead. Bond-interest cash payment is distinct from establishment finance cost. Cash adjusted toll ploughback is not gross toll receipts. Reported capital-road-work total includes net fixed block; not only completed+WIP. Publication day unverified and blank; comparative cutoff never advanced to newer report year.,NHAI,2024,balance_sheet_applications_total_inr_crore,1059458.1584,official_measured,official,,,,,,,,NHAI_standalone_balance_sheet|National Highway,,nhai,,,nhai,,,,2024-03-31,reported,audited_comparator,d08837c303f72abf4d131e796f71eb93450be10cfdd96ee7fd4f921c3ac38c97,,
nhai,NHAI,agency,NHAI,All India,National Highway,cash_flow_operating_net_inr_crore,12770.062,INR crore,1277006.2,INR lakh,2024-04-01,2025-03-31,fiscal_year,actual,NHAI_standalone_cash_flow,2025-03-31,,nhai_financial_results_2025_03_unaudited,https://nhai.gov.in/nhai/sites/default/files/mix_file/Q_F_f_tQended_on_31-March-2025.pdf,PDF p4; printed p3; Net Cash Generated from Operating Activities;31March2025 column,official_measured,True,d08837c303f72abf4d131e796f71eb93450be10cfdd96ee7fd4f921c3ac38c97,Current 31 March 2025 column unaudited and subject to limited review; prior 31 March 2024 comparative labelled audited. Original Rs. in Lakhs×0.01. Authority implements Government road assets; conventional corporate profit/interest ratios can mislead. Bond-interest cash payment is distinct from establishment finance cost. Cash adjusted toll ploughback is not gross toll receipts. Reported capital-road-work total includes net fixed block; not only completed+WIP. Publication day unverified and blank; comparative cutoff never advanced to newer report year.,NHAI,2025,cash_flow_operating_net_inr_crore,12770.062,official_measured,official,,,,,,,,NHAI_standalone_cash_flow|National Highway,,nhai,,,nhai,,,,FY2024-25,reported,limited_review_unaudited,d08837c303f72abf4d131e796f71eb93450be10cfdd96ee7fd4f921c3ac38c97,,
nhai,NHAI,agency,NHAI,All India,National Highway,cash_flow_operating_net_inr_crore,-13395.760800000002,INR crore,-1339576.08,INR lakh,2023-04-01,2024-03-31,fiscal_year,actual,NHAI_standalone_cash_flow,2024-03-31,,nhai_financial_results_2025_03_unaudited,https://nhai.gov.in/nhai/sites/default/files/mix_file/Q_F_f_tQended_on_31-March-2025.pdf,PDF p4; printed p3; Net Cash Generated from Operating Activities;31March2024 column,official_measured,True,d08837c303f72abf4d131e796f71eb93450be10cfdd96ee7fd4f921c3ac38c97,Current 31 March 2025 column unaudited and subject to limited review; prior 31 March 2024 comparative labelled audited. Original Rs. in Lakhs×0.01. Authority implements Government road assets; conventional corporate profit/interest ratios can mislead. Bond-interest cash payment is distinct from establishment finance cost. Cash adjusted toll ploughback is not gross toll receipts. Reported capital-road-work total includes net fixed block; not only completed+WIP. Publication day unverified and blank; comparative cutoff never advanced to newer report year.,NHAI,2024,cash_flow_operating_net_inr_crore,-13395.760800000002,official_measured,official,,,,,,,,NHAI_standalone_cash_flow|National Highway,,nhai,,,nhai,,,,FY2023-24,reported,audited_comparator,d08837c303f72abf4d131e796f71eb93450be10cfdd96ee7fd4f921c3ac38c97,,
nhai,NHAI,agency,NHAI,All India,National Highway,cash_flow_investing_net_inr_crore,-122837.071,INR crore,-12283707.1,INR lakh,2024-04-01,2025-03-31,fiscal_year,actual,NHAI_standalone_cash_flow,2025-03-31,,nhai_financial_results_2025_03_unaudited,https://nhai.gov.in/nhai/sites/default/files/mix_file/Q_F_f_tQended_on_31-March-2025.pdf,PDF p4; printed p3; Net Cash Used in Investing Activities;31March2025 column,official_measured,True,d08837c303f72abf4d131e796f71eb93450be10cfdd96ee7fd4f921c3ac38c97,Current 31 March 2025 column unaudited and subject to limited review; prior 31 March 2024 comparative labelled audited. Original Rs. in Lakhs×0.01. Authority implements Government road assets; conventional corporate profit/interest ratios can mislead. Bond-interest cash payment is distinct from establishment finance cost. Cash adjusted toll ploughback is not gross toll receipts. Reported capital-road-work total includes net fixed block; not only completed+WIP. Publication day unverified and blank; comparative cutoff never advanced to newer report year.,NHAI,2025,cash_flow_investing_net_inr_crore,-122837.071,official_measured,official,,,,,,,,NHAI_standalone_cash_flow|National Highway,,nhai,,,nhai,,,,FY2024-25,reported,limited_review_unaudited,d08837c303f72abf4d131e796f71eb93450be10cfdd96ee7fd4f921c3ac38c97,,
nhai,NHAI,agency,NHAI,All India,National Highway,cash_flow_investing_net_inr_crore,-135348.15300000002,INR crore,-13534815.3,INR lakh,2023-04-01,2024-03-31,fiscal_year,actual,NHAI_standalone_cash_flow,2024-03-31,,nhai_financial_results_2025_03_unaudited,https://nhai.gov.in/nhai/sites/default/files/mix_file/Q_F_f_tQended_on_31-March-2025.pdf,PDF p4; printed p3; Net Cash Used in Investing Activities;31March2024 column,official_measured,True,d08837c303f72abf4d131e796f71eb93450be10cfdd96ee7fd4f921c3ac38c97,Current 31 March 2025 column unaudited and subject to limited review; prior 31 March 2024 comparative labelled audited. Original Rs. in Lakhs×0.01. Authority implements Government road assets; conventional corporate profit/interest ratios can mislead. Bond-interest cash payment is distinct from establishment finance cost. Cash adjusted toll ploughback is not gross toll receipts. Reported capital-road-work total includes net fixed block; not only completed+WIP. Publication day unverified and blank; comparative cutoff never advanced to newer report year.,NHAI,2024,cash_flow_investing_net_inr_crore,-135348.15300000002,official_measured,official,,,,,,,,NHAI_standalone_cash_flow|National Highway,,nhai,,,nhai,,,,FY2023-24,reported,audited_comparator,d08837c303f72abf4d131e796f71eb93450be10cfdd96ee7fd4f921c3ac38c97,,
nhai,NHAI,agency,NHAI,All India,National Highway,cash_flow_financing_net_inr_crore,119438.85990000001,INR crore,11943885.99,INR lakh,2024-04-01,2025-03-31,fiscal_year,actual,NHAI_standalone_cash_flow,2025-03-31,,nhai_financial_results_2025_03_unaudited,https://nhai.gov.in/nhai/sites/default/files/mix_file/Q_F_f_tQended_on_31-March-2025.pdf,PDF p4; printed p3; Net Cash Generated from Financing Activities;31March2025 column,official_measured,True,d08837c303f72abf4d131e796f71eb93450be10cfdd96ee7fd4f921c3ac38c97,Current 31 March 2025 column unaudited and subject to limited review; prior 31 March 2024 comparative labelled audited. Original Rs. in Lakhs×0.01. Authority implements Government road assets; conventional corporate profit/interest ratios can mislead. Bond-interest cash payment is distinct from establishment finance cost. Cash adjusted toll ploughback is not gross toll receipts. Reported capital-road-work total includes net fixed block; not only completed+WIP. Publication day unverified and blank; comparative cutoff never advanced to newer report year.,NHAI,2025,cash_flow_financing_net_inr_crore,119438.85990000001,official_measured,official,,,,,,,,NHAI_standalone_cash_flow|National Highway,,nhai,,,nhai,,,,FY2024-25,reported,limited_review_unaudited,d08837c303f72abf4d131e796f71eb93450be10cfdd96ee7fd4f921c3ac38c97,,
nhai,NHAI,agency,NHAI,All India,National Highway,cash_flow_financing_net_inr_crore,181369.73140000002,INR crore,18136973.14,INR lakh,2023-04-01,2024-03-31,fiscal_year,actual,NHAI_standalone_cash_flow,2024-03-31,,nhai_financial_results_2025_03_unaudited,https://nhai.gov.in/nhai/sites/default/files/mix_file/Q_F_f_tQended_on_31-March-2025.pdf,PDF p4; printed p3; Net Cash Generated from Financing Activities;31March2024 column,official_measured,True,d08837c303f72abf4d131e796f71eb93450be10cfdd96ee7fd4f921c3ac38c97,Current 31 March 2025 column unaudited and subject to limited review; prior 31 March 2024 comparative labelled audited. Original Rs. in Lakhs×0.01. Authority implements Government road assets; conventional corporate profit/interest ratios can mislead. Bond-interest cash payment is distinct from establishment finance cost. Cash adjusted toll ploughback is not gross toll receipts. Reported capital-road-work total includes net fixed block; not only completed+WIP. Publication day unverified and blank; comparative cutoff never advanced to newer report year.,NHAI,2024,cash_flow_financing_net_inr_crore,181369.73140000002,official_measured,official,,,,,,,,NHAI_standalone_cash_flow|National Highway,,nhai,,,nhai,,,,FY2023-24,reported,audited_comparator,d08837c303f72abf4d131e796f71eb93450be10cfdd96ee7fd4f921c3ac38c97,,
nhai,NHAI,agency,NHAI,All India,National Highway,cess_funds_cash_received_inr_crore,117950.0,INR crore,11795000.0,INR lakh,2024-04-01,2025-03-31,fiscal_year,actual,NHAI_standalone_cash_flow,2025-03-31,,nhai_financial_results_2025_03_unaudited,https://nhai.gov.in/nhai/sites/default/files/mix_file/Q_F_f_tQended_on_31-March-2025.pdf,PDF p4; printed p3; Cess Funds Received from Government of India;31March2025 column,official_measured,True,d08837c303f72abf4d131e796f71eb93450be10cfdd96ee7fd4f921c3ac38c97,Current 31 March 2025 column unaudited and subject to limited review; prior 31 March 2024 comparative labelled audited. Original Rs. in Lakhs×0.01. Authority implements Government road assets; conventional corporate profit/interest ratios can mislead. Bond-interest cash payment is distinct from establishment finance cost. Cash adjusted toll ploughback is not gross toll receipts. Reported capital-road-work total includes net fixed block; not only completed+WIP. Publication day unverified and blank; comparative cutoff never advanced to newer report year.,NHAI,2025,cess_funds_cash_received_inr_crore,117950.0,official_measured,official,,,,,,,,NHAI_standalone_cash_flow|National Highway,,nhai,,,nhai,,,,FY2024-25,reported,limited_review_unaudited,d08837c303f72abf4d131e796f71eb93450be10cfdd96ee7fd4f921c3ac38c97,,
nhai,NHAI,agency,NHAI,All India,National Highway,cess_funds_cash_received_inr_crore,127727.4178,INR crore,12772741.78,INR lakh,2023-04-01,2024-03-31,fiscal_year,actual,NHAI_standalone_cash_flow,2024-03-31,,nhai_financial_results_2025_03_unaudited,https://nhai.gov.in/nhai/sites/default/files/mix_file/Q_F_f_tQended_on_31-March-2025.pdf,PDF p4; printed p3; Cess Funds Received from Government of India;31March2024 column,official_measured,True,d08837c303f72abf4d131e796f71eb93450be10cfdd96ee7fd4f921c3ac38c97,Current 31 March 2025 column unaudited and subject to limited review; prior 31 March 2024 comparative labelled audited. Original Rs. in Lakhs×0.01. Authority implements Government road assets; conventional corporate profit/interest ratios can mislead. Bond-interest cash payment is distinct from establishment finance cost. Cash adjusted toll ploughback is not gross toll receipts. Reported capital-road-work total includes net fixed block; not only completed+WIP. Publication day unverified and blank; comparative cutoff never advanced to newer report year.,NHAI,2024,cess_funds_cash_received_inr_crore,127727.4178,official_measured,official,,,,,,,,NHAI_standalone_cash_flow|National Highway,,nhai,,,nhai,,,,FY2023-24,reported,audited_comparator,d08837c303f72abf4d131e796f71eb93450be10cfdd96ee7fd4f921c3ac38c97,,
nhai,NHAI,agency,NHAI,All India,National Highway,additional_budget_cash_receipts_inr_crore,56103.245,INR crore,5610324.5,INR lakh,2024-04-01,2025-03-31,fiscal_year,actual,NHAI_standalone_cash_flow,2025-03-31,,nhai_financial_results_2025_03_unaudited,https://nhai.gov.in/nhai/sites/default/files/mix_file/Q_F_f_tQended_on_31-March-2025.pdf,PDF p4; printed p3; Capital Additional Budgetary Receipts;31March2025 column,official_measured,True,d08837c303f72abf4d131e796f71eb93450be10cfdd96ee7fd4f921c3ac38c97,Current 31 March 2025 column unaudited and subject to limited review; prior 31 March 2024 comparative labelled audited. Original Rs. in Lakhs×0.01. Authority implements Government road assets; conventional corporate profit/interest ratios can mislead. Bond-interest cash payment is distinct from establishment finance cost. Cash adjusted toll ploughback is not gross toll receipts. Reported capital-road-work total includes net fixed block; not only completed+WIP. Publication day unverified and blank; comparative cutoff never advanced to newer report year.,NHAI,2025,additional_budget_cash_receipts_inr_crore,56103.245,official_measured,official,,,,,,,,NHAI_standalone_cash_flow|National Highway,,nhai,,,nhai,,,,FY2024-25,reported,limited_review_unaudited,d08837c303f72abf4d131e796f71eb93450be10cfdd96ee7fd4f921c3ac38c97,,
nhai,NHAI,agency,NHAI,All India,National Highway,additional_budget_cash_receipts_inr_crore,40535.87,INR crore,4053587.0,INR lakh,2023-04-01,2024-03-31,fiscal_year,actual,NHAI_standalone_cash_flow,2024-03-31,,nhai_financial_results_2025_03_unaudited,https://nhai.gov.in/nhai/sites/default/files/mix_file/Q_F_f_tQended_on_31-March-2025.pdf,PDF p4; printed p3; Capital Additional Budgetary Receipts;31March2024 column,official_measured,True,d08837c303f72abf4d131e796f71eb93450be10cfdd96ee7fd4f921c3ac38c97,Current 31 March 2025 column unaudited and subject to limited review; prior 31 March 2024 comparative labelled audited. Original Rs. in Lakhs×0.01. Authority implements Government road assets; conventional corporate profit/interest ratios can mislead. Bond-interest cash payment is distinct from establishment finance cost. Cash adjusted toll ploughback is not gross toll receipts. Reported capital-road-work total includes net fixed block; not only completed+WIP. Publication day unverified and blank; comparative cutoff never advanced to newer report year.,NHAI,2024,additional_budget_cash_receipts_inr_crore,40535.87,official_measured,official,,,,,,,,NHAI_standalone_cash_flow|National Highway,,nhai,,,nhai,,,,FY2023-24,reported,audited_comparator,d08837c303f72abf4d131e796f71eb93450be10cfdd96ee7fd4f921c3ac38c97,,
nhai,NHAI,agency,NHAI,All India,National Highway,invit_proceeds_cash_inr_crore,17737.9454,INR crore,1773794.54,INR lakh,2024-04-01,2025-03-31,fiscal_year,actual,NHAI_standalone_cash_flow,2025-03-31,,nhai_financial_results_2025_03_unaudited,https://nhai.gov.in/nhai/sites/default/files/mix_file/Q_F_f_tQended_on_31-March-2025.pdf,PDF p4; printed p3; Proceeds from InvIT Projects;31March2025 column,official_measured,True,d08837c303f72abf4d131e796f71eb93450be10cfdd96ee7fd4f921c3ac38c97,Current 31 March 2025 column unaudited and subject to limited review; prior 31 March 2024 comparative labelled audited. Original Rs. in Lakhs×0.01. Authority implements Government road assets; conventional corporate profit/interest ratios can mislead. Bond-interest cash payment is distinct from establishment finance cost. Cash adjusted toll ploughback is not gross toll receipts. Reported capital-road-work total includes net fixed block; not only completed+WIP. Publication day unverified and blank; comparative cutoff never advanced to newer report year.,NHAI,2025,invit_proceeds_cash_inr_crore,17737.9454,official_measured,official,,,,,,,,NHAI_standalone_cash_flow|National Highway,,nhai,,,nhai,,,,FY2024-25,reported,limited_review_unaudited,d08837c303f72abf4d131e796f71eb93450be10cfdd96ee7fd4f921c3ac38c97,,
nhai,NHAI,agency,NHAI,All India,National Highway,invit_proceeds_cash_inr_crore,15699.8818,INR crore,1569988.18,INR lakh,2023-04-01,2024-03-31,fiscal_year,actual,NHAI_standalone_cash_flow,2024-03-31,,nhai_financial_results_2025_03_unaudited,https://nhai.gov.in/nhai/sites/default/files/mix_file/Q_F_f_tQended_on_31-March-2025.pdf,PDF p4; printed p3; Proceeds from InvIT Projects;31March2024 column,official_measured,True,d08837c303f72abf4d131e796f71eb93450be10cfdd96ee7fd4f921c3ac38c97,Current 31 March 2025 column unaudited and subject to limited review; prior 31 March 2024 comparative labelled audited. Original Rs. in Lakhs×0.01. Authority implements Government road assets; conventional corporate profit/interest ratios can mislead. Bond-interest cash payment is distinct from establishment finance cost. Cash adjusted toll ploughback is not gross toll receipts. Reported capital-road-work total includes net fixed block; not only completed+WIP. Publication day unverified and blank; comparative cutoff never advanced to newer report year.,NHAI,2024,invit_proceeds_cash_inr_crore,15699.8818,official_measured,official,,,,,,,,NHAI_standalone_cash_flow|National Highway,,nhai,,,nhai,,,,FY2023-24,reported,audited_comparator,d08837c303f72abf4d131e796f71eb93450be10cfdd96ee7fd4f921c3ac38c97,,
nhai,NHAI,agency,NHAI,All India,National Highway,eap_grant_cash_inr_crore,1784.19,INR crore,178419.0,INR lakh,2024-04-01,2025-03-31,fiscal_year,actual,NHAI_standalone_cash_flow,2025-03-31,,nhai_financial_results_2025_03_unaudited,https://nhai.gov.in/nhai/sites/default/files/mix_file/Q_F_f_tQended_on_31-March-2025.pdf,PDF p4; printed p3; EAP Grant Received and Utilized towards Revenue Expenditure;31March2025 column,official_measured,True,d08837c303f72abf4d131e796f71eb93450be10cfdd96ee7fd4f921c3ac38c97,Current 31 March 2025 column unaudited and subject to limited review; prior 31 March 2024 comparative labelled audited. Original Rs. in Lakhs×0.01. Authority implements Government road assets; conventional corporate profit/interest ratios can mislead. Bond-interest cash payment is distinct from establishment finance cost. Cash adjusted toll ploughback is not gross toll receipts. Reported capital-road-work total includes net fixed block; not only completed+WIP. Publication day unverified and blank; comparative cutoff never advanced to newer report year.,NHAI,2025,eap_grant_cash_inr_crore,1784.19,official_measured,official,,,,,,,,NHAI_standalone_cash_flow|National Highway,,nhai,,,nhai,,,,FY2024-25,reported,limited_review_unaudited,d08837c303f72abf4d131e796f71eb93450be10cfdd96ee7fd4f921c3ac38c97,,
nhai,NHAI,agency,NHAI,All India,National Highway,eap_grant_cash_inr_crore,625.2803,INR crore,62528.03,INR lakh,2023-04-01,2024-03-31,fiscal_year,actual,NHAI_standalone_cash_flow,2024-03-31,,nhai_financial_results_2025_03_unaudited,https://nhai.gov.in/nhai/sites/default/files/mix_file/Q_F_f_tQended_on_31-March-2025.pdf,PDF p4; printed p3; EAP Grant Received and Utilized towards Revenue Expenditure;31March2024 column,official_measured,True,d08837c303f72abf4d131e796f71eb93450be10cfdd96ee7fd4f921c3ac38c97,Current 31 March 2025 column unaudited and subject to limited review; prior 31 March 2024 comparative labelled audited. Original Rs. in Lakhs×0.01. Authority implements Government road assets; conventional corporate profit/interest ratios can mislead. Bond-interest cash payment is distinct from establishment finance cost. Cash adjusted toll ploughback is not gross toll receipts. Reported capital-road-work total includes net fixed block; not only completed+WIP. Publication day unverified and blank; comparative cutoff never advanced to newer report year.,NHAI,2024,eap_grant_cash_inr_crore,625.2803,official_measured,official,,,,,,,,NHAI_standalone_cash_flow|National Highway,,nhai,,,nhai,,,,FY2023-24,reported,audited_comparator,d08837c303f72abf4d131e796f71eb93450be10cfdd96ee7fd4f921c3ac38c97,,
nhai,NHAI,agency,NHAI,All India,National Highway,toll_adjusted_ploughback_cash_inr_crore,40118.7874,INR crore,4011878.74,INR lakh,2024-04-01,2025-03-31,fiscal_year,actual,NHAI_standalone_cash_flow,2025-03-31,,nhai_financial_results_2025_03_unaudited,https://nhai.gov.in/nhai/sites/default/files/mix_file/Q_F_f_tQended_on_31-March-2025.pdf,PDF p4; printed p3; Adjusted Plough Back of Toll Remittance etc;31March2025 column,official_measured,True,d08837c303f72abf4d131e796f71eb93450be10cfdd96ee7fd4f921c3ac38c97,Current 31 March 2025 column unaudited and subject to limited review; prior 31 March 2024 comparative labelled audited. Original Rs. in Lakhs×0.01. Authority implements Government road assets; conventional corporate profit/interest ratios can mislead. Bond-interest cash payment is distinct from establishment finance cost. Cash adjusted toll ploughback is not gross toll receipts. Reported capital-road-work total includes net fixed block; not only completed+WIP. Publication day unverified and blank; comparative cutoff never advanced to newer report year.,NHAI,2025,toll_adjusted_ploughback_cash_inr_crore,40118.7874,official_measured,official,,,,,,,,NHAI_standalone_cash_flow|National Highway,,nhai,,,nhai,,,,FY2024-25,reported,limited_review_unaudited,d08837c303f72abf4d131e796f71eb93450be10cfdd96ee7fd4f921c3ac38c97,,
nhai,NHAI,agency,NHAI,All India,National Highway,toll_adjusted_ploughback_cash_inr_crore,30422.6531,INR crore,3042265.31,INR lakh,2023-04-01,2024-03-31,fiscal_year,actual,NHAI_standalone_cash_flow,2024-03-31,,nhai_financial_results_2025_03_unaudited,https://nhai.gov.in/nhai/sites/default/files/mix_file/Q_F_f_tQended_on_31-March-2025.pdf,PDF p4; printed p3; Adjusted Plough Back of Toll Remittance etc;31March2024 column,official_measured,True,d08837c303f72abf4d131e796f71eb93450be10cfdd96ee7fd4f921c3ac38c97,Current 31 March 2025 column unaudited and subject to limited review; prior 31 March 2024 comparative labelled audited. Original Rs. in Lakhs×0.01. Authority implements Government road assets; conventional corporate profit/interest ratios can mislead. Bond-interest cash payment is distinct from establishment finance cost. Cash adjusted toll ploughback is not gross toll receipts. Reported capital-road-work total includes net fixed block; not only completed+WIP. Publication day unverified and blank; comparative cutoff never advanced to newer report year.,NHAI,2024,toll_adjusted_ploughback_cash_inr_crore,30422.6531,official_measured,official,,,,,,,,NHAI_standalone_cash_flow|National Highway,,nhai,,,nhai,,,,FY2023-24,reported,audited_comparator,d08837c303f72abf4d131e796f71eb93450be10cfdd96ee7fd4f921c3ac38c97,,
nhai,NHAI,agency,NHAI,All India,National Highway,adb_loan_repayment_cash_inr_crore,-130.8326,INR crore,-13083.26,INR lakh,2024-04-01,2025-03-31,fiscal_year,actual,NHAI_standalone_cash_flow,2025-03-31,,nhai_financial_results_2025_03_unaudited,https://nhai.gov.in/nhai/sites/default/files/mix_file/Q_F_f_tQended_on_31-March-2025.pdf,PDF p4; printed p3; Repayment of ADB Loan including Exchange Fluctuation;31March2025 column,official_measured,True,d08837c303f72abf4d131e796f71eb93450be10cfdd96ee7fd4f921c3ac38c97,Current 31 March 2025 column unaudited and subject to limited review; prior 31 March 2024 comparative labelled audited. Original Rs. in Lakhs×0.01. Authority implements Government road assets; conventional corporate profit/interest ratios can mislead. Bond-interest cash payment is distinct from establishment finance cost. Cash adjusted toll ploughback is not gross toll receipts. Reported capital-road-work total includes net fixed block; not only completed+WIP. Publication day unverified and blank; comparative cutoff never advanced to newer report year.,NHAI,2025,adb_loan_repayment_cash_inr_crore,-130.8326,official_measured,official,,,,,,,,NHAI_standalone_cash_flow|National Highway,,nhai,,,nhai,,,,FY2024-25,reported,limited_review_unaudited,d08837c303f72abf4d131e796f71eb93450be10cfdd96ee7fd4f921c3ac38c97,,
nhai,NHAI,agency,NHAI,All India,National Highway,adb_loan_repayment_cash_inr_crore,-112.5565,INR crore,-11255.65,INR lakh,2023-04-01,2024-03-31,fiscal_year,actual,NHAI_standalone_cash_flow,2024-03-31,,nhai_financial_results_2025_03_unaudited,https://nhai.gov.in/nhai/sites/default/files/mix_file/Q_F_f_tQended_on_31-March-2025.pdf,PDF p4; printed p3; Repayment of ADB Loan including Exchange Fluctuation;31March2024 column,official_measured,True,d08837c303f72abf4d131e796f71eb93450be10cfdd96ee7fd4f921c3ac38c97,Current 31 March 2025 column unaudited and subject to limited review; prior 31 March 2024 comparative labelled audited. Original Rs. in Lakhs×0.01. Authority implements Government road assets; conventional corporate profit/interest ratios can mislead. Bond-interest cash payment is distinct from establishment finance cost. Cash adjusted toll ploughback is not gross toll receipts. Reported capital-road-work total includes net fixed block; not only completed+WIP. Publication day unverified and blank; comparative cutoff never advanced to newer report year.,NHAI,2024,adb_loan_repayment_cash_inr_crore,-112.5565,official_measured,official,,,,,,,,NHAI_standalone_cash_flow|National Highway,,nhai,,,nhai,,,,FY2023-24,reported,audited_comparator,d08837c303f72abf4d131e796f71eb93450be10cfdd96ee7fd4f921c3ac38c97,,
nhai,NHAI,agency,NHAI,All India,National Highway,54ec_bonds_net_cash_inr_crore,-4450.95,INR crore,-445095.0,INR lakh,2024-04-01,2025-03-31,fiscal_year,actual,NHAI_standalone_cash_flow,2025-03-31,,nhai_financial_results_2025_03_unaudited,https://nhai.gov.in/nhai/sites/default/files/mix_file/Q_F_f_tQended_on_31-March-2025.pdf,PDF p4; printed p3; Proceeds or Repayment of 54EC Capital Gains Tax Free Bonds;31March2025 column,official_measured,True,d08837c303f72abf4d131e796f71eb93450be10cfdd96ee7fd4f921c3ac38c97,Current 31 March 2025 column unaudited and subject to limited review; prior 31 March 2024 comparative labelled audited. Original Rs. in Lakhs×0.01. Authority implements Government road assets; conventional corporate profit/interest ratios can mislead. Bond-interest cash payment is distinct from establishment finance cost. Cash adjusted toll ploughback is not gross toll receipts. Reported capital-road-work total includes net fixed block; not only completed+WIP. Publication day unverified and blank; comparative cutoff never advanced to newer report year.,NHAI,2025,54ec_bonds_net_cash_inr_crore,-4450.95,official_measured,official,,,,,,,,NHAI_standalone_cash_flow|National Highway,,nhai,,,nhai,,,,FY2024-25,reported,limited_review_unaudited,d08837c303f72abf4d131e796f71eb93450be10cfdd96ee7fd4f921c3ac38c97,,
nhai,NHAI,agency,NHAI,All India,National Highway,54ec_bonds_net_cash_inr_crore,-4706.346,INR crore,-470634.6,INR lakh,2023-04-01,2024-03-31,fiscal_year,actual,NHAI_standalone_cash_flow,2024-03-31,,nhai_financial_results_2025_03_unaudited,https://nhai.gov.in/nhai/sites/default/files/mix_file/Q_F_f_tQended_on_31-March-2025.pdf,PDF p4; printed p3; Proceeds or Repayment of 54EC Capital Gains Tax Free Bonds;31March2024 column,official_measured,True,d08837c303f72abf4d131e796f71eb93450be10cfdd96ee7fd4f921c3ac38c97,Current 31 March 2025 column unaudited and subject to limited review; prior 31 March 2024 comparative labelled audited. Original Rs. in Lakhs×0.01. Authority implements Government road assets; conventional corporate profit/interest ratios can mislead. Bond-interest cash payment is distinct from establishment finance cost. Cash adjusted toll ploughback is not gross toll receipts. Reported capital-road-work total includes net fixed block; not only completed+WIP. Publication day unverified and blank; comparative cutoff never advanced to newer report year.,NHAI,2024,54ec_bonds_net_cash_inr_crore,-4706.346,official_measured,official,,,,,,,,NHAI_standalone_cash_flow|National Highway,,nhai,,,nhai,,,,FY2023-24,reported,audited_comparator,d08837c303f72abf4d131e796f71eb93450be10cfdd96ee7fd4f921c3ac38c97,,
nhai,NHAI,agency,NHAI,All India,National Highway,nssf_term_loans_net_cash_inr_crore,-86187.3486,INR crore,-8618734.86,INR lakh,2024-04-01,2025-03-31,fiscal_year,actual,NHAI_standalone_cash_flow,2025-03-31,,nhai_financial_results_2025_03_unaudited,https://nhai.gov.in/nhai/sites/default/files/mix_file/Q_F_f_tQended_on_31-March-2025.pdf,PDF p4; printed p3; Proceeds or Repayment from NSSF Loan and Term Loans;31March2025 column,official_measured,True,d08837c303f72abf4d131e796f71eb93450be10cfdd96ee7fd4f921c3ac38c97,Current 31 March 2025 column unaudited and subject to limited review; prior 31 March 2024 comparative labelled audited. Original Rs. in Lakhs×0.01. Authority implements Government road assets; conventional corporate profit/interest ratios can mislead. Bond-interest cash payment is distinct from establishment finance cost. Cash adjusted toll ploughback is not gross toll receipts. Reported capital-road-work total includes net fixed block; not only completed+WIP. Publication day unverified and blank; comparative cutoff never advanced to newer report year.,NHAI,2025,nssf_term_loans_net_cash_inr_crore,-86187.3486,official_measured,official,,,,,,,,NHAI_standalone_cash_flow|National Highway,,nhai,,,nhai,,,,FY2024-25,reported,limited_review_unaudited,d08837c303f72abf4d131e796f71eb93450be10cfdd96ee7fd4f921c3ac38c97,,
nhai,NHAI,agency,NHAI,All India,National Highway,nssf_term_loans_net_cash_inr_crore,-1693.5672,INR crore,-169356.72,INR lakh,2023-04-01,2024-03-31,fiscal_year,actual,NHAI_standalone_cash_flow,2024-03-31,,nhai_financial_results_2025_03_unaudited,https://nhai.gov.in/nhai/sites/default/files/mix_file/Q_F_f_tQended_on_31-March-2025.pdf,PDF p4; printed p3; Proceeds or Repayment from NSSF Loan and Term Loans;31March2024 column,official_measured,True,d08837c303f72abf4d131e796f71eb93450be10cfdd96ee7fd4f921c3ac38c97,Current 31 March 2025 column unaudited and subject to limited review; prior 31 March 2024 comparative labelled audited. Original Rs. in Lakhs×0.01. Authority implements Government road assets; conventional corporate profit/interest ratios can mislead. Bond-interest cash payment is distinct from establishment finance cost. Cash adjusted toll ploughback is not gross toll receipts. Reported capital-road-work total includes net fixed block; not only completed+WIP. Publication day unverified and blank; comparative cutoff never advanced to newer report year.,NHAI,2024,nssf_term_loans_net_cash_inr_crore,-1693.5672,official_measured,official,,,,,,,,NHAI_standalone_cash_flow|National Highway,,nhai,,,nhai,,,,FY2023-24,reported,audited_comparator,d08837c303f72abf4d131e796f71eb93450be10cfdd96ee7fd4f921c3ac38c97,,
nhai,NHAI,agency,NHAI,All India,National Highway,ncd_redemption_cash_inr_crore,-1228.5692,INR crore,-122856.92,INR lakh,2023-04-01,2024-03-31,fiscal_year,actual,NHAI_standalone_cash_flow,2024-03-31,,nhai_financial_results_2025_03_unaudited,https://nhai.gov.in/nhai/sites/default/files/mix_file/Q_F_f_tQended_on_31-March-2025.pdf,PDF p4; printed p3; Redemption of Tax Free Secured Redeemable Non Convertible Bonds;31March2024 column,official_measured,True,d08837c303f72abf4d131e796f71eb93450be10cfdd96ee7fd4f921c3ac38c97,Current 31 March 2025 column unaudited and subject to limited review; prior 31 March 2024 comparative labelled audited. Original Rs. in Lakhs×0.01. Authority implements Government road assets; conventional corporate profit/interest ratios can mislead. Bond-interest cash payment is distinct from establishment finance cost. Cash adjusted toll ploughback is not gross toll receipts. Reported capital-road-work total includes net fixed block; not only completed+WIP. Publication day unverified and blank; comparative cutoff never advanced to newer report year.,NHAI,2024,ncd_redemption_cash_inr_crore,-1228.5692,official_measured,official,,,,,,,,NHAI_standalone_cash_flow|National Highway,,nhai,,,nhai,,,,FY2023-24,reported,audited_comparator,d08837c303f72abf4d131e796f71eb93450be10cfdd96ee7fd4f921c3ac38c97,,
nhai,NHAI,agency,NHAI,All India,National Highway,bond_interest_other_expenditure_cash_inr_crore,-23486.1767,INR crore,-2348617.67,INR lakh,2024-04-01,2025-03-31,fiscal_year,actual,NHAI_standalone_cash_flow,2025-03-31,,nhai_financial_results_2025_03_unaudited,https://nhai.gov.in/nhai/sites/default/files/mix_file/Q_F_f_tQended_on_31-March-2025.pdf,PDF p4; printed p3; Interest and Other Expenditure on Bond;31March2025 column,official_measured,True,d08837c303f72abf4d131e796f71eb93450be10cfdd96ee7fd4f921c3ac38c97,Current 31 March 2025 column unaudited and subject to limited review; prior 31 March 2024 comparative labelled audited. Original Rs. in Lakhs×0.01. Authority implements Government road assets; conventional corporate profit/interest ratios can mislead. Bond-interest cash payment is distinct from establishment finance cost. Cash adjusted toll ploughback is not gross toll receipts. Reported capital-road-work total includes net fixed block; not only completed+WIP. Publication day unverified and blank; comparative cutoff never advanced to newer report year.,NHAI,2025,bond_interest_other_expenditure_cash_inr_crore,-23486.1767,official_measured,official,,,,,,,,NHAI_standalone_cash_flow|National Highway,,nhai,,,nhai,,,,FY2024-25,reported,limited_review_unaudited,d08837c303f72abf4d131e796f71eb93450be10cfdd96ee7fd4f921c3ac38c97,,
nhai,NHAI,agency,NHAI,All India,National Highway,bond_interest_other_expenditure_cash_inr_crore,-25900.3328,INR crore,-2590033.28,INR lakh,2023-04-01,2024-03-31,fiscal_year,actual,NHAI_standalone_cash_flow,2024-03-31,,nhai_financial_results_2025_03_unaudited,https://nhai.gov.in/nhai/sites/default/files/mix_file/Q_F_f_tQended_on_31-March-2025.pdf,PDF p4; printed p3; Interest and Other Expenditure on Bond;31March2024 column,official_measured,True,d08837c303f72abf4d131e796f71eb93450be10cfdd96ee7fd4f921c3ac38c97,Current 31 March 2025 column unaudited and subject to limited review; prior 31 March 2024 comparative labelled audited. Original Rs. in Lakhs×0.01. Authority implements Government road assets; conventional corporate profit/interest ratios can mislead. Bond-interest cash payment is distinct from establishment finance cost. Cash adjusted toll ploughback is not gross toll receipts. Reported capital-road-work total includes net fixed block; not only completed+WIP. Publication day unverified and blank; comparative cutoff never advanced to newer report year.,NHAI,2024,bond_interest_other_expenditure_cash_inr_crore,-25900.3328,official_measured,official,,,,,,,,NHAI_standalone_cash_flow|National Highway,,nhai,,,nhai,,,,FY2023-24,reported,audited_comparator,d08837c303f72abf4d131e796f71eb93450be10cfdd96ee7fd4f921c3ac38c97,,
nhai,NHAI,agency,NHAI,All India,National Highway,cash_flow_net_change_inr_crore,9371.850699999999,INR crore,937185.07,INR lakh,2024-04-01,2025-03-31,fiscal_year,actual,NHAI_standalone_cash_flow,2025-03-31,,nhai_financial_results_2025_03_unaudited,https://nhai.gov.in/nhai/sites/default/files/mix_file/Q_F_f_tQended_on_31-March-2025.pdf,PDF p4; printed p3; Net Increase or Decrease in Cash and Cash Equivalents;31March2025 column,official_measured,True,d08837c303f72abf4d131e796f71eb93450be10cfdd96ee7fd4f921c3ac38c97,Current 31 March 2025 column unaudited and subject to limited review; prior 31 March 2024 comparative labelled audited. Original Rs. in Lakhs×0.01. Authority implements Government road assets; conventional corporate profit/interest ratios can mislead. Bond-interest cash payment is distinct from establishment finance cost. Cash adjusted toll ploughback is not gross toll receipts. Reported capital-road-work total includes net fixed block; not only completed+WIP. Publication day unverified and blank; comparative cutoff never advanced to newer report year.,NHAI,2025,cash_flow_net_change_inr_crore,9371.850699999999,official_measured,official,,,,,,,,NHAI_standalone_cash_flow|National Highway,,nhai,,,nhai,,,,FY2024-25,reported,limited_review_unaudited,d08837c303f72abf4d131e796f71eb93450be10cfdd96ee7fd4f921c3ac38c97,,
nhai,NHAI,agency,NHAI,All India,National Highway,cash_flow_net_change_inr_crore,32625.8175,INR crore,3262581.75,INR lakh,2023-04-01,2024-03-31,fiscal_year,actual,NHAI_standalone_cash_flow,2024-03-31,,nhai_financial_results_2025_03_unaudited,https://nhai.gov.in/nhai/sites/default/files/mix_file/Q_F_f_tQended_on_31-March-2025.pdf,PDF p4; printed p3; Net Increase or Decrease in Cash and Cash Equivalents;31March2024 column,official_measured,True,d08837c303f72abf4d131e796f71eb93450be10cfdd96ee7fd4f921c3ac38c97,Current 31 March 2025 column unaudited and subject to limited review; prior 31 March 2024 comparative labelled audited. Original Rs. in Lakhs×0.01. Authority implements Government road assets; conventional corporate profit/interest ratios can mislead. Bond-interest cash payment is distinct from establishment finance cost. Cash adjusted toll ploughback is not gross toll receipts. Reported capital-road-work total includes net fixed block; not only completed+WIP. Publication day unverified and blank; comparative cutoff never advanced to newer report year.,NHAI,2024,cash_flow_net_change_inr_crore,32625.8175,official_measured,official,,,,,,,,NHAI_standalone_cash_flow|National Highway,,nhai,,,nhai,,,,FY2023-24,reported,audited_comparator,d08837c303f72abf4d131e796f71eb93450be10cfdd96ee7fd4f921c3ac38c97,,
nhai,NHAI,agency,NHAI,All India,National Highway,cash_flow_opening_balance_inr_crore,36382.8761,INR crore,3638287.61,INR lakh,2024-04-01,2025-03-31,fiscal_year,actual,NHAI_standalone_cash_flow,2025-03-31,,nhai_financial_results_2025_03_unaudited,https://nhai.gov.in/nhai/sites/default/files/mix_file/Q_F_f_tQended_on_31-March-2025.pdf,PDF p4; printed p3; Opening Cash and Cash Equivalents;31March2025 column,official_measured,True,d08837c303f72abf4d131e796f71eb93450be10cfdd96ee7fd4f921c3ac38c97,Current 31 March 2025 column unaudited and subject to limited review; prior 31 March 2024 comparative labelled audited. Original Rs. in Lakhs×0.01. Authority implements Government road assets; conventional corporate profit/interest ratios can mislead. Bond-interest cash payment is distinct from establishment finance cost. Cash adjusted toll ploughback is not gross toll receipts. Reported capital-road-work total includes net fixed block; not only completed+WIP. Publication day unverified and blank; comparative cutoff never advanced to newer report year.,NHAI,2025,cash_flow_opening_balance_inr_crore,36382.8761,official_measured,official,,,,,,,,NHAI_standalone_cash_flow|National Highway,,nhai,,,nhai,,,,FY2024-25,reported,limited_review_unaudited,d08837c303f72abf4d131e796f71eb93450be10cfdd96ee7fd4f921c3ac38c97,,
nhai,NHAI,agency,NHAI,All India,National Highway,cash_flow_opening_balance_inr_crore,3757.0586,INR crore,375705.86,INR lakh,2023-04-01,2024-03-31,fiscal_year,actual,NHAI_standalone_cash_flow,2024-03-31,,nhai_financial_results_2025_03_unaudited,https://nhai.gov.in/nhai/sites/default/files/mix_file/Q_F_f_tQended_on_31-March-2025.pdf,PDF p4; printed p3; Opening Cash and Cash Equivalents;31March2024 column,official_measured,True,d08837c303f72abf4d131e796f71eb93450be10cfdd96ee7fd4f921c3ac38c97,Current 31 March 2025 column unaudited and subject to limited review; prior 31 March 2024 comparative labelled audited. Original Rs. in Lakhs×0.01. Authority implements Government road assets; conventional corporate profit/interest ratios can mislead. Bond-interest cash payment is distinct from establishment finance cost. Cash adjusted toll ploughback is not gross toll receipts. Reported capital-road-work total includes net fixed block; not only completed+WIP. Publication day unverified and blank; comparative cutoff never advanced to newer report year.,NHAI,2024,cash_flow_opening_balance_inr_crore,3757.0586,official_measured,official,,,,,,,,NHAI_standalone_cash_flow|National Highway,,nhai,,,nhai,,,,FY2023-24,reported,audited_comparator,d08837c303f72abf4d131e796f71eb93450be10cfdd96ee7fd4f921c3ac38c97,,
nhai,NHAI,agency,NHAI,All India,National Highway,cash_flow_closing_balance_inr_crore,45754.7268,INR crore,4575472.68,INR lakh,2024-04-01,2025-03-31,fiscal_year,actual,NHAI_standalone_cash_flow,2025-03-31,,nhai_financial_results_2025_03_unaudited,https://nhai.gov.in/nhai/sites/default/files/mix_file/Q_F_f_tQended_on_31-March-2025.pdf,PDF p4; printed p3; Closing Cash and Cash Equivalents;31March2025 column,official_measured,True,d08837c303f72abf4d131e796f71eb93450be10cfdd96ee7fd4f921c3ac38c97,Current 31 March 2025 column unaudited and subject to limited review; prior 31 March 2024 comparative labelled audited. Original Rs. in Lakhs×0.01. Authority implements Government road assets; conventional corporate profit/interest ratios can mislead. Bond-interest cash payment is distinct from establishment finance cost. Cash adjusted toll ploughback is not gross toll receipts. Reported capital-road-work total includes net fixed block; not only completed+WIP. Publication day unverified and blank; comparative cutoff never advanced to newer report year.,NHAI,2025,cash_flow_closing_balance_inr_crore,45754.7268,official_measured,official,,,,,,,,NHAI_standalone_cash_flow|National Highway,,nhai,,,nhai,,,,FY2024-25,reported,limited_review_unaudited,d08837c303f72abf4d131e796f71eb93450be10cfdd96ee7fd4f921c3ac38c97,,
nhai,NHAI,agency,NHAI,All India,National Highway,cash_flow_closing_balance_inr_crore,36382.8761,INR crore,3638287.61,INR lakh,2023-04-01,2024-03-31,fiscal_year,actual,NHAI_standalone_cash_flow,2024-03-31,,nhai_financial_results_2025_03_unaudited,https://nhai.gov.in/nhai/sites/default/files/mix_file/Q_F_f_tQended_on_31-March-2025.pdf,PDF p4; printed p3; Closing Cash and Cash Equivalents;31March2024 column,official_measured,True,d08837c303f72abf4d131e796f71eb93450be10cfdd96ee7fd4f921c3ac38c97,Current 31 March 2025 column unaudited and subject to limited review; prior 31 March 2024 comparative labelled audited. Original Rs. in Lakhs×0.01. Authority implements Government road assets; conventional corporate profit/interest ratios can mislead. Bond-interest cash payment is distinct from establishment finance cost. Cash adjusted toll ploughback is not gross toll receipts. Reported capital-road-work total includes net fixed block; not only completed+WIP. Publication day unverified and blank; comparative cutoff never advanced to newer report year.,NHAI,2024,cash_flow_closing_balance_inr_crore,36382.8761,official_measured,official,,,,,,,,NHAI_standalone_cash_flow|National Highway,,nhai,,,nhai,,,,FY2023-24,reported,audited_comparator,d08837c303f72abf4d131e796f71eb93450be10cfdd96ee7fd4f921c3ac38c97,,
nhai,NHAI,agency,NHAI,All India,National Highway,capital_road_work_cash_inr_crore,-124091.51800000001,INR crore,-12409151.8,INR lakh,2024-04-01,2025-03-31,fiscal_year,actual,NHAI_standalone_cash_flow,2025-03-31,,nhai_financial_results_2025_03_unaudited,https://nhai.gov.in/nhai/sites/default/files/mix_file/Q_F_f_tQended_on_31-March-2025.pdf,PDF p4; printed p3; Increase or Decrease in Capital Work on Road Assets Entrusted to NHAI;31March2025 column,official_measured,True,d08837c303f72abf4d131e796f71eb93450be10cfdd96ee7fd4f921c3ac38c97,Current 31 March 2025 column unaudited and subject to limited review; prior 31 March 2024 comparative labelled audited. Original Rs. in Lakhs×0.01. Authority implements Government road assets; conventional corporate profit/interest ratios can mislead. Bond-interest cash payment is distinct from establishment finance cost. Cash adjusted toll ploughback is not gross toll receipts. Reported capital-road-work total includes net fixed block; not only completed+WIP. Publication day unverified and blank; comparative cutoff never advanced to newer report year.,NHAI,2025,capital_road_work_cash_inr_crore,-124091.51800000001,official_measured,official,,,,,,,,NHAI_standalone_cash_flow|National Highway,,nhai,,,nhai,,,,FY2024-25,reported,limited_review_unaudited,d08837c303f72abf4d131e796f71eb93450be10cfdd96ee7fd4f921c3ac38c97,,
nhai,NHAI,agency,NHAI,All India,National Highway,capital_road_work_cash_inr_crore,-138033.9649,INR crore,-13803396.49,INR lakh,2023-04-01,2024-03-31,fiscal_year,actual,NHAI_standalone_cash_flow,2024-03-31,,nhai_financial_results_2025_03_unaudited,https://nhai.gov.in/nhai/sites/default/files/mix_file/Q_F_f_tQended_on_31-March-2025.pdf,PDF p4; printed p3; Increase or Decrease in Capital Work on Road Assets Entrusted to NHAI;31March2024 column,official_measured,True,d08837c303f72abf4d131e796f71eb93450be10cfdd96ee7fd4f921c3ac38c97,Current 31 March 2025 column unaudited and subject to limited review; prior 31 March 2024 comparative labelled audited. Original Rs. in Lakhs×0.01. Authority implements Government road assets; conventional corporate profit/interest ratios can mislead. Bond-interest cash payment is distinct from establishment finance cost. Cash adjusted toll ploughback is not gross toll receipts. Reported capital-road-work total includes net fixed block; not only completed+WIP. Publication day unverified and blank; comparative cutoff never advanced to newer report year.,NHAI,2024,capital_road_work_cash_inr_crore,-138033.9649,official_measured,official,,,,,,,,NHAI_standalone_cash_flow|National Highway,,nhai,,,nhai,,,,FY2023-24,reported,audited_comparator,d08837c303f72abf4d131e796f71eb93450be10cfdd96ee7fd4f921c3ac38c97,,
nhai,NHAI,agency,NHAI,All India,National Highway,debt_total_inr_crore,244604.0654,INR crore,24460406.54,INR lakh,,2025-03-31,balance_sheet_snapshot,actual,NHAI_standalone_debt_working,2025-03-31,,nhai_financial_results_2025_03_unaudited,https://nhai.gov.in/nhai/sites/default/files/mix_file/Q_F_f_tQended_on_31-March-2025.pdf,"PDF p6; printed p5; Working row13 TOTAL DEBT, 2025-03-31 column",official_measured,True,d08837c303f72abf4d131e796f71eb93450be10cfdd96ee7fd4f921c3ac38c97,"Reported total debt, not a sum of working-sheet assets/liabilities.31 March 2025 unaudited/limited-review;31 December 2024 unaudited comparator;31 March 2024 audited comparator. Lease/short-term/current-maturity dash cells remain missing, not zeros; no maturity schedule inferred. Original INR lakh×0.01; publication day unknown.",NHAI,2025,debt_total_inr_crore,244604.0654,official_measured,official,,,,,,,,NHAI_standalone_debt_working|National Highway,,nhai,,,nhai,,,,2025-03-31,reported,limited_review_unaudited,d08837c303f72abf4d131e796f71eb93450be10cfdd96ee7fd4f921c3ac38c97,,
nhai,NHAI,agency,NHAI,All India,National Highway,debt_total_inr_crore,276046.0887,INR crore,27604608.87,INR lakh,,2024-12-31,balance_sheet_snapshot,actual,NHAI_standalone_debt_working,2024-12-31,,nhai_financial_results_2025_03_unaudited,https://nhai.gov.in/nhai/sites/default/files/mix_file/Q_F_f_tQended_on_31-March-2025.pdf,"PDF p6; printed p5; Working row13 TOTAL DEBT, 2024-12-31 column",official_measured,True,d08837c303f72abf4d131e796f71eb93450be10cfdd96ee7fd4f921c3ac38c97,"Reported total debt, not a sum of working-sheet assets/liabilities.31 March 2025 unaudited/limited-review;31 December 2024 unaudited comparator;31 March 2024 audited comparator. Lease/short-term/current-maturity dash cells remain missing, not zeros; no maturity schedule inferred. Original INR lakh×0.01; publication day unknown.",NHAI,2024,debt_total_inr_crore,276046.0887,official_measured,official,,,,,,,,NHAI_standalone_debt_working|National Highway,,nhai,,,nhai,,,,2024-12-31,reported,unaudited_comparator,d08837c303f72abf4d131e796f71eb93450be10cfdd96ee7fd4f921c3ac38c97,,
nhai,NHAI,agency,NHAI,All India,National Highway,debt_total_inr_crore,335373.1966,INR crore,33537319.66,INR lakh,,2024-03-31,balance_sheet_snapshot,actual,NHAI_standalone_debt_working,2024-03-31,,nhai_financial_results_2025_03_unaudited,https://nhai.gov.in/nhai/sites/default/files/mix_file/Q_F_f_tQended_on_31-March-2025.pdf,"PDF p6; printed p5; Working row13 TOTAL DEBT, 2024-03-31 column",official_measured,True,d08837c303f72abf4d131e796f71eb93450be10cfdd96ee7fd4f921c3ac38c97,"Reported total debt, not a sum of working-sheet assets/liabilities.31 March 2025 unaudited/limited-review;31 December 2024 unaudited comparator;31 March 2024 audited comparator. Lease/short-term/current-maturity dash cells remain missing, not zeros; no maturity schedule inferred. Original INR lakh×0.01; publication day unknown.",NHAI,2024,debt_total_inr_crore,335373.1966,official_measured,official,,,,,,,,NHAI_standalone_debt_working|National Highway,,nhai,,,nhai,,,,2024-03-31,reported,audited_comparator,d08837c303f72abf4d131e796f71eb93450be10cfdd96ee7fd4f921c3ac38c97,,
